sample_id,analyte_short,concentration,units,sample_fration,sample_type,analyte_long,station,cast,depth_m,parent_id,collection_timestamp_UTC
S5_UWAY_A,PO4,0.335485563,umol/L,dissolved,nutrients,phosphate,5,NA,NA,S5_UWAY,2022-06-07T15:00:00Z
S5_UWAY_A,Si(OH)4,18.5544022,umol/L,dissolved,nutrients,silicate,5,NA,NA,S5_UWAY,2022-06-07T15:00:00Z
S5_UWAY_A,NO3,0.680184328,umol/L,dissolved,nutrients,nitrate,5,NA,NA,S5_UWAY,2022-06-07T15:00:00Z
S5_UWAY_A,NO2,0.07444506,umol/L,dissolved,nutrients,nitrite,5,NA,NA,S5_UWAY,2022-06-07T15:00:00Z
S5_UWAY_A,NH4,0.249939754,umol/L,dissolved,nutrients,ammonium,5,NA,NA,S5_UWAY,2022-06-07T15:00:00Z
S5_UWAY_B,PO4,0.340255074,umol/L,dissolved,nutrients,phosphate,5,NA,NA,S5_UWAY,2022-06-07T15:00:00Z
S5_UWAY_B,Si(OH)4,18.70468378,umol/L,dissolved,nutrients,silicate,5,NA,NA,S5_UWAY,2022-06-07T15:00:00Z
S5_UWAY_B,NO3,0.812396482,umol/L,dissolved,nutrients,nitrate,5,NA,NA,S5_UWAY,2022-06-07T15:00:00Z
S5_UWAY_B,NO2,0.082272666,umol/L,dissolved,nutrients,nitrite,5,NA,NA,S5_UWAY,2022-06-07T15:00:00Z
S5_UWAY_B,NH4,0.30146761,umol/L,dissolved,nutrients,ammonium,5,NA,NA,S5_UWAY,2022-06-07T15:00:00Z
S5_UWAY_C,PO4,0.32036614,umol/L,dissolved,nutrients,phosphate,5,NA,NA,S5_UWAY,2022-06-07T15:00:00Z
S5_UWAY_C,Si(OH)4,18.47772733,umol/L,dissolved,nutrients,silicate,5,NA,NA,S5_UWAY,2022-06-07T15:00:00Z
S5_UWAY_C,NO3,0.644272317,umol/L,dissolved,nutrients,nitrate,5,NA,NA,S5_UWAY,2022-06-07T15:00:00Z
S5_UWAY_C,NO2,0.080846217,umol/L,dissolved,nutrients,nitrite,5,NA,NA,S5_UWAY,2022-06-07T15:00:00Z
S5_UWAY_C,NH4,0.284413581,umol/L,dissolved,nutrients,ammonium,5,NA,NA,S5_UWAY,2022-06-07T15:00:00Z
S5_C3_D3_A,PO4,0.272692996,umol/L,dissolved,nutrients,phosphate,5,3,4,S5_C3_D3,2022-06-07T16:16:00Z
S5_C3_D3_A,Si(OH)4,18.05361516,umol/L,dissolved,nutrients,silicate,5,3,4,S5_C3_D3,2022-06-07T16:16:00Z
S5_C3_D3_A,NO3,0.940189501,umol/L,dissolved,nutrients,nitrate,5,3,4,S5_C3_D3,2022-06-07T16:16:00Z
S5_C3_D3_A,NO2,0.075044349,umol/L,dissolved,nutrients,nitrite,5,3,4,S5_C3_D3,2022-06-07T16:16:00Z
S5_C3_D3_A,NH4,0.270335426,umol/L,dissolved,nutrients,ammonium,5,3,4,S5_C3_D3,2022-06-07T16:16:00Z
S5_C3_D3_B,PO4,0.271911516,umol/L,dissolved,nutrients,phosphate,5,3,4,S5_C3_D3,2022-06-07T16:16:00Z
S5_C3_D3_B,Si(OH)4,18.09762112,umol/L,dissolved,nutrients,silicate,5,3,4,S5_C3_D3,2022-06-07T16:16:00Z
S5_C3_D3_B,NO3,1.103233428,umol/L,dissolved,nutrients,nitrate,5,3,4,S5_C3_D3,2022-06-07T16:16:00Z
S5_C3_D3_B,NO2,0.081579992,umol/L,dissolved,nutrients,nitrite,5,3,4,S5_C3_D3,2022-06-07T16:16:00Z
S5_C3_D3_B,NH4,1.562719408,umol/L,dissolved,nutrients,ammonium,5,3,4,S5_C3_D3,2022-06-07T16:16:00Z
S5_C3_D3_C,PO4,0.268209535,umol/L,dissolved,nutrients,phosphate,5,3,4,S5_C3_D3,2022-06-07T16:16:00Z
S5_C3_D3_C,Si(OH)4,18.69970917,umol/L,dissolved,nutrients,silicate,5,3,4,S5_C3_D3,2022-06-07T16:16:00Z
S5_C3_D3_C,NO3,1.165730309,umol/L,dissolved,nutrients,nitrate,5,3,4,S5_C3_D3,2022-06-07T16:16:00Z
S5_C3_D3_C,NO2,0.091342771,umol/L,dissolved,nutrients,nitrite,5,3,4,S5_C3_D3,2022-06-07T16:16:00Z
S5_C3_D3_C,NH4,1.496640616,umol/L,dissolved,nutrients,ammonium,5,3,4,S5_C3_D3,2022-06-07T16:16:00Z
S5_C3_D2_A,PO4,0.608892354,umol/L,dissolved,nutrients,phosphate,5,3,9,S5_C3_D2,2022-06-07T15:58:00Z
S5_C3_D2_A,Si(OH)4,21.37426661,umol/L,dissolved,nutrients,silicate,5,3,9,S5_C3_D2,2022-06-07T15:58:00Z
S5_C3_D2_A,NO3,6.300850088,umol/L,dissolved,nutrients,nitrate,5,3,9,S5_C3_D2,2022-06-07T15:58:00Z
S5_C3_D2_A,NO2,0.207755573,umol/L,dissolved,nutrients,nitrite,5,3,9,S5_C3_D2,2022-06-07T15:58:00Z
S5_C3_D2_A,NH4,1.577938118,umol/L,dissolved,nutrients,ammonium,5,3,9,S5_C3_D2,2022-06-07T15:58:00Z
S5_C3_D2_B,PO4,0.597029417,umol/L,dissolved,nutrients,phosphate,5,3,9,S5_C3_D2,2022-06-07T15:58:00Z
S5_C3_D2_B,Si(OH)4,21.29145563,umol/L,dissolved,nutrients,silicate,5,3,9,S5_C3_D2,2022-06-07T15:58:00Z
S5_C3_D2_B,NO3,6.316202069,umol/L,dissolved,nutrients,nitrate,5,3,9,S5_C3_D2,2022-06-07T15:58:00Z
S5_C3_D2_B,NO2,0.214716016,umol/L,dissolved,nutrients,nitrite,5,3,9,S5_C3_D2,2022-06-07T15:58:00Z
S5_C3_D2_B,NH4,0.553011941,umol/L,dissolved,nutrients,ammonium,5,3,9,S5_C3_D2,2022-06-07T15:58:00Z
S5_C3_D2_C,PO4,0.599767354,umol/L,dissolved,nutrients,phosphate,5,3,9,S5_C3_D2,2022-06-07T15:58:00Z
S5_C3_D2_C,Si(OH)4,21.29349339,umol/L,dissolved,nutrients,silicate,5,3,9,S5_C3_D2,2022-06-07T15:58:00Z
S5_C3_D2_C,NO3,6.577668495,umol/L,dissolved,nutrients,nitrate,5,3,9,S5_C3_D2,2022-06-07T15:58:00Z
S5_C3_D2_C,NO2,0.225548666,umol/L,dissolved,nutrients,nitrite,5,3,9,S5_C3_D2,2022-06-07T15:58:00Z
S5_C3_D2_C,NH4,1.485580707,umol/L,dissolved,nutrients,ammonium,5,3,9,S5_C3_D2,2022-06-07T15:58:00Z
S5_C3_D1_A,PO4,1.847009371,umol/L,dissolved,nutrients,phosphate,5,3,30,S5_C3_D1,2022-06-07T15:50:00Z
S5_C3_D1_A,Si(OH)4,33.7806405,umol/L,dissolved,nutrients,silicate,5,3,30,S5_C3_D1,2022-06-07T15:50:00Z
S5_C3_D1_A,NO3,21.74565939,umol/L,dissolved,nutrients,nitrate,5,3,30,S5_C3_D1,2022-06-07T15:50:00Z
S5_C3_D1_A,NO2,0.531628245,umol/L,dissolved,nutrients,nitrite,5,3,30,S5_C3_D1,2022-06-07T15:50:00Z
S5_C3_D1_A,NH4,2.428767478,umol/L,dissolved,nutrients,ammonium,5,3,30,S5_C3_D1,2022-06-07T15:50:00Z
S5_C3_D1_B,PO4,1.848661489,umol/L,dissolved,nutrients,phosphate,5,3,30,S5_C3_D1,2022-06-07T15:50:00Z
S5_C3_D1_B,Si(OH)4,33.86096332,umol/L,dissolved,nutrients,silicate,5,3,30,S5_C3_D1,2022-06-07T15:50:00Z
S5_C3_D1_B,NO3,21.8239587,umol/L,dissolved,nutrients,nitrate,5,3,30,S5_C3_D1,2022-06-07T15:50:00Z
S5_C3_D1_B,NO2,0.526815483,umol/L,dissolved,nutrients,nitrite,5,3,30,S5_C3_D1,2022-06-07T15:50:00Z
S5_C3_D1_B,NH4,1.142776126,umol/L,dissolved,nutrients,ammonium,5,3,30,S5_C3_D1,2022-06-07T15:50:00Z
S5_C3_D1_C,PO4,1.834866669,umol/L,dissolved,nutrients,phosphate,5,3,30,S5_C3_D1,2022-06-07T15:50:00Z
S5_C3_D1_C,Si(OH)4,33.93810875,umol/L,dissolved,nutrients,silicate,5,3,30,S5_C3_D1,2022-06-07T15:50:00Z
S5_C3_D1_C,NO3,21.68691564,umol/L,dissolved,nutrients,nitrate,5,3,30,S5_C3_D1,2022-06-07T15:50:00Z
S5_C3_D1_C,NO2,0.537420522,umol/L,dissolved,nutrients,nitrite,5,3,30,S5_C3_D1,2022-06-07T15:50:00Z
S5_C3_D1_C,NH4,1.135977223,umol/L,dissolved,nutrients,ammonium,5,3,30,S5_C3_D1,2022-06-07T15:50:00Z
S6_C1_D2_A,PO4,0.636360948,umol/L,dissolved,nutrients,phosphate,6,1,4,S6_C1_D2,2022-06-08T00:00:00Z
S6_C1_D2_A,Si(OH)4,14.81698112,umol/L,dissolved,nutrients,silicate,6,1,4,S6_C1_D2,2022-06-08T00:00:00Z
S6_C1_D2_A,NO3,2.919792445,umol/L,dissolved,nutrients,nitrate,6,1,4,S6_C1_D2,2022-06-08T00:00:00Z
S6_C1_D2_A,NO2,0.093198303,umol/L,dissolved,nutrients,nitrite,6,1,4,S6_C1_D2,2022-06-08T00:00:00Z
S6_C1_D2_A,NH4,2.1590605,umol/L,dissolved,nutrients,ammonium,6,1,4,S6_C1_D2,2022-06-08T00:00:00Z
S6_C1_D2_B,PO4,0.382864127,umol/L,dissolved,nutrients,phosphate,6,1,4,S6_C1_D2,2022-06-08T00:00:00Z
S6_C1_D2_B,Si(OH)4,14.76947044,umol/L,dissolved,nutrients,silicate,6,1,4,S6_C1_D2,2022-06-08T00:00:00Z
S6_C1_D2_B,NO3,1.780234198,umol/L,dissolved,nutrients,nitrate,6,1,4,S6_C1_D2,2022-06-08T00:00:00Z
S6_C1_D2_B,NO2,0.073416543,umol/L,dissolved,nutrients,nitrite,6,1,4,S6_C1_D2,2022-06-08T00:00:00Z
S6_C1_D2_B,NH4,0.898085442,umol/L,dissolved,nutrients,ammonium,6,1,4,S6_C1_D2,2022-06-08T00:00:00Z
S6_C1_D2_C,PO4,0.359801043,umol/L,dissolved,nutrients,phosphate,6,1,4,S6_C1_D2,2022-06-08T00:00:00Z
S6_C1_D2_C,Si(OH)4,11.15401161,umol/L,dissolved,nutrients,silicate,6,1,4,S6_C1_D2,2022-06-08T00:00:00Z
S6_C1_D2_C,NO3,0.669713395,umol/L,dissolved,nutrients,nitrate,6,1,4,S6_C1_D2,2022-06-08T00:00:00Z
S6_C1_D2_C,NO2,0.053636215,umol/L,dissolved,nutrients,nitrite,6,1,4,S6_C1_D2,2022-06-08T00:00:00Z
S6_C1_D2_C,NH4,0.871763344,umol/L,dissolved,nutrients,ammonium,6,1,4,S6_C1_D2,2022-06-08T00:00:00Z
S6_C1_D1_A,PO4,0.642274522,umol/L,dissolved,nutrients,phosphate,6,1,8,S6_C1_D1,2022-06-08T00:00:00Z
S6_C1_D1_A,Si(OH)4,13.99464234,umol/L,dissolved,nutrients,silicate,6,1,8,S6_C1_D1,2022-06-08T00:00:00Z
S6_C1_D1_A,NO3,2.234434623,umol/L,dissolved,nutrients,nitrate,6,1,8,S6_C1_D1,2022-06-08T00:00:00Z
S6_C1_D1_A,NO2,0.079527739,umol/L,dissolved,nutrients,nitrite,6,1,8,S6_C1_D1,2022-06-08T00:00:00Z
S6_C1_D1_A,NH4,2.480434787,umol/L,dissolved,nutrients,ammonium,6,1,8,S6_C1_D1,2022-06-08T00:00:00Z
S6_C1_D1_B,PO4,0.536178628,umol/L,dissolved,nutrients,phosphate,6,1,8,S6_C1_D1,2022-06-08T00:00:00Z
S6_C1_D1_B,Si(OH)4,9.862020672,umol/L,dissolved,nutrients,silicate,6,1,8,S6_C1_D1,2022-06-08T00:00:00Z
S6_C1_D1_B,NO3,1.506070563,umol/L,dissolved,nutrients,nitrate,6,1,8,S6_C1_D1,2022-06-08T00:00:00Z
S6_C1_D1_B,NO2,0.066201039,umol/L,dissolved,nutrients,nitrite,6,1,8,S6_C1_D1,2022-06-08T00:00:00Z
S6_C1_D1_B,NH4,1.861759907,umol/L,dissolved,nutrients,ammonium,6,1,8,S6_C1_D1,2022-06-08T00:00:00Z
S6_C1_D1_C,PO4,0.511540151,umol/L,dissolved,nutrients,phosphate,6,1,8,S6_C1_D1,2022-06-08T00:00:00Z
S6_C1_D1_C,Si(OH)4,11.20624613,umol/L,dissolved,nutrients,silicate,6,1,8,S6_C1_D1,2022-06-08T00:00:00Z
S6_C1_D1_C,NO3,0.981018795,umol/L,dissolved,nutrients,nitrate,6,1,8,S6_C1_D1,2022-06-08T00:00:00Z
S6_C1_D1_C,NO2,0.063342177,umol/L,dissolved,nutrients,nitrite,6,1,8,S6_C1_D1,2022-06-08T00:00:00Z
S6_C1_D1_C,NH4,1.27754425,umol/L,dissolved,nutrients,ammonium,6,1,8,S6_C1_D1,2022-06-08T00:00:00Z
S6_C2_D4_A,PO4,2.219907611,umol/L,dissolved,nutrients,phosphate,6,2,25,S6_C2_D4,2022-06-08T01:00:00Z
S6_C2_D4_A,Si(OH)4,42.5649864,umol/L,dissolved,nutrients,silicate,6,2,25,S6_C2_D4,2022-06-08T01:00:00Z
S6_C2_D4_A,NO3,23.2356832,umol/L,dissolved,nutrients,nitrate,6,2,25,S6_C2_D4,2022-06-08T01:00:00Z
S6_C2_D4_A,NO2,0.639581703,umol/L,dissolved,nutrients,nitrite,6,2,25,S6_C2_D4,2022-06-08T01:00:00Z
S6_C2_D4_A,NH4,2.346601671,umol/L,dissolved,nutrients,ammonium,6,2,25,S6_C2_D4,2022-06-08T01:00:00Z
S6_C2_D4_B,PO4,2.199041743,umol/L,dissolved,nutrients,phosphate,6,2,25,S6_C2_D4,2022-06-08T01:00:00Z
S6_C2_D4_B,Si(OH)4,44.2485747,umol/L,dissolved,nutrients,silicate,6,2,25,S6_C2_D4,2022-06-08T01:00:00Z
S6_C2_D4_B,NO3,23.89336992,umol/L,dissolved,nutrients,nitrate,6,2,25,S6_C2_D4,2022-06-08T01:00:00Z
S6_C2_D4_B,NO2,0.646451531,umol/L,dissolved,nutrients,nitrite,6,2,25,S6_C2_D4,2022-06-08T01:00:00Z
S6_C2_D4_B,NH4,2.589753392,umol/L,dissolved,nutrients,ammonium,6,2,25,S6_C2_D4,2022-06-08T01:00:00Z
S6_C2_D4_C,PO4,2.203631684,umol/L,dissolved,nutrients,phosphate,6,2,25,S6_C2_D4,2022-06-08T01:00:00Z
S6_C2_D4_C,Si(OH)4,43.07601613,umol/L,dissolved,nutrients,silicate,6,2,25,S6_C2_D4,2022-06-08T01:00:00Z
S6_C2_D4_C,NO3,23.9471005,umol/L,dissolved,nutrients,nitrate,6,2,25,S6_C2_D4,2022-06-08T01:00:00Z
S6_C2_D4_C,NO2,0.647227793,umol/L,dissolved,nutrients,nitrite,6,2,25,S6_C2_D4,2022-06-08T01:00:00Z
S6_C2_D4_C,NH4,2.611306364,umol/L,dissolved,nutrients,ammonium,6,2,25,S6_C2_D4,2022-06-08T01:00:00Z
S6_C2_D3_A,PO4,2.231179806,umol/L,dissolved,nutrients,phosphate,6,2,50,S6_C2_D3,2022-06-08T01:00:00Z
S6_C2_D3_A,Si(OH)4,44.20547805,umol/L,dissolved,nutrients,silicate,6,2,50,S6_C2_D3,2022-06-08T01:00:00Z
S6_C2_D3_A,NO3,24.58008154,umol/L,dissolved,nutrients,nitrate,6,2,50,S6_C2_D3,2022-06-08T01:00:00Z
S6_C2_D3_A,NO2,0.662770185,umol/L,dissolved,nutrients,nitrite,6,2,50,S6_C2_D3,2022-06-08T01:00:00Z
S6_C2_D3_A,NH4,2.156960079,umol/L,dissolved,nutrients,ammonium,6,2,50,S6_C2_D3,2022-06-08T01:00:00Z
S6_C2_D3_B,PO4,2.233276773,umol/L,dissolved,nutrients,phosphate,6,2,50,S6_C2_D3,2022-06-08T01:00:00Z
S6_C2_D3_B,Si(OH)4,44.11506574,umol/L,dissolved,nutrients,silicate,6,2,50,S6_C2_D3,2022-06-08T01:00:00Z
S6_C2_D3_B,NO3,25.04656015,umol/L,dissolved,nutrients,nitrate,6,2,50,S6_C2_D3,2022-06-08T01:00:00Z
S6_C2_D3_B,NO2,0.665409423,umol/L,dissolved,nutrients,nitrite,6,2,50,S6_C2_D3,2022-06-08T01:00:00Z
S6_C2_D3_B,NH4,1.724841035,umol/L,dissolved,nutrients,ammonium,6,2,50,S6_C2_D3,2022-06-08T01:00:00Z
S6_C2_D3_C,PO4,2.217607222,umol/L,dissolved,nutrients,phosphate,6,2,50,S6_C2_D3,2022-06-08T01:00:00Z
S6_C2_D3_C,Si(OH)4,44.20717112,umol/L,dissolved,nutrients,silicate,6,2,50,S6_C2_D3,2022-06-08T01:00:00Z
S6_C2_D3_C,NO3,24.92270587,umol/L,dissolved,nutrients,nitrate,6,2,50,S6_C2_D3,2022-06-08T01:00:00Z
S6_C2_D3_C,NO2,0.663461247,umol/L,dissolved,nutrients,nitrite,6,2,50,S6_C2_D3,2022-06-08T01:00:00Z
S6_C2_D3_C,NH4,2.138000962,umol/L,dissolved,nutrients,ammonium,6,2,50,S6_C2_D3,2022-06-08T01:00:00Z
UNT2_A,PO4,0.648927336,umol/L,dissolved,nutrients,phosphate,NA,NA,2,UNT2,NA
UNT2_A,Si(OH)4,13.25100574,umol/L,dissolved,nutrients,silicate,NA,NA,2,UNT2,NA
UNT2_A,NO3,2.936682034,umol/L,dissolved,nutrients,nitrate,NA,NA,2,UNT2,NA
UNT2_A,NO2,0.213848775,umol/L,dissolved,nutrients,nitrite,NA,NA,2,UNT2,NA
UNT2_A,NH4,0.388564608,umol/L,dissolved,nutrients,ammonium,NA,NA,2,UNT2,NA
UNT2_B,PO4,0.64952053,umol/L,dissolved,nutrients,phosphate,NA,NA,2,UNT2,NA
UNT2_B,Si(OH)4,12.87669202,umol/L,dissolved,nutrients,silicate,NA,NA,2,UNT2,NA
UNT2_B,NO3,3.153040831,umol/L,dissolved,nutrients,nitrate,NA,NA,2,UNT2,NA
UNT2_B,NO2,0.21134383,umol/L,dissolved,nutrients,nitrite,NA,NA,2,UNT2,NA
UNT2_B,NH4,0.322288822,umol/L,dissolved,nutrients,ammonium,NA,NA,2,UNT2,NA
UNT2_C,PO4,0.655369568,umol/L,dissolved,nutrients,phosphate,NA,NA,2,UNT2,NA
UNT2_C,Si(OH)4,13.28412468,umol/L,dissolved,nutrients,silicate,NA,NA,2,UNT2,NA
UNT2_C,NO3,3.532064992,umol/L,dissolved,nutrients,nitrate,NA,NA,2,UNT2,NA
UNT2_C,NO2,0.223315383,umol/L,dissolved,nutrients,nitrite,NA,NA,2,UNT2,NA
UNT2_C,NH4,0.405485278,umol/L,dissolved,nutrients,ammonium,NA,NA,2,UNT2,NA
S7_C3_D6_A,PO4,0.443688397,umol/L,dissolved,nutrients,phosphate,7,3,3,S7_C3_D6,2022-06-08T18:30:00Z
S7_C3_D6_A,Si(OH)4,5.119166529,umol/L,dissolved,nutrients,silicate,7,3,3,S7_C3_D6,2022-06-08T18:30:00Z
S7_C3_D6_A,NO3,1.478798575,umol/L,dissolved,nutrients,nitrate,7,3,3,S7_C3_D6,2022-06-08T18:30:00Z
S7_C3_D6_A,NO2,0.126001003,umol/L,dissolved,nutrients,nitrite,7,3,3,S7_C3_D6,2022-06-08T18:30:00Z
S7_C3_D6_A,NH4,1.255737715,umol/L,dissolved,nutrients,ammonium,7,3,3,S7_C3_D6,2022-06-08T18:30:00Z
S7_C3_D6_B,PO4,0.46078168,umol/L,dissolved,nutrients,phosphate,7,3,3,S7_C3_D6,2022-06-08T18:30:00Z
S7_C3_D6_B,Si(OH)4,5.120976469,umol/L,dissolved,nutrients,silicate,7,3,3,S7_C3_D6,2022-06-08T18:30:00Z
S7_C3_D6_B,NO3,1.385618846,umol/L,dissolved,nutrients,nitrate,7,3,3,S7_C3_D6,2022-06-08T18:30:00Z
S7_C3_D6_B,NO2,0.125004368,umol/L,dissolved,nutrients,nitrite,7,3,3,S7_C3_D6,2022-06-08T18:30:00Z
S7_C3_D6_B,NH4,1.533074109,umol/L,dissolved,nutrients,ammonium,7,3,3,S7_C3_D6,2022-06-08T18:30:00Z
S7_C3_D6_C,PO4,0.471054571,umol/L,dissolved,nutrients,phosphate,7,3,3,S7_C3_D6,2022-06-08T18:30:00Z
S7_C3_D6_C,Si(OH)4,5.65231,umol/L,dissolved,nutrients,silicate,7,3,3,S7_C3_D6,2022-06-08T18:30:00Z
S7_C3_D6_C,NO3,1.572558865,umol/L,dissolved,nutrients,nitrate,7,3,3,S7_C3_D6,2022-06-08T18:30:00Z
S7_C3_D6_C,NO2,0.131746776,umol/L,dissolved,nutrients,nitrite,7,3,3,S7_C3_D6,2022-06-08T18:30:00Z
S7_C3_D6_C,NH4,1.046956212,umol/L,dissolved,nutrients,ammonium,7,3,3,S7_C3_D6,2022-06-08T18:30:00Z
S7_C3_D5_A,PO4,0.662351636,umol/L,dissolved,nutrients,phosphate,7,3,6,S7_C3_D5,2022-06-08T18:30:00Z
S7_C3_D5_A,Si(OH)4,9.039544587,umol/L,dissolved,nutrients,silicate,7,3,6,S7_C3_D5,2022-06-08T18:30:00Z
S7_C3_D5_A,NO3,3.500136985,umol/L,dissolved,nutrients,nitrate,7,3,6,S7_C3_D5,2022-06-08T18:30:00Z
S7_C3_D5_A,NO2,0.215803949,umol/L,dissolved,nutrients,nitrite,7,3,6,S7_C3_D5,2022-06-08T18:30:00Z
S7_C3_D5_A,NH4,0.575301888,umol/L,dissolved,nutrients,ammonium,7,3,6,S7_C3_D5,2022-06-08T18:30:00Z
S7_C3_D5_B,PO4,0.536239981,umol/L,dissolved,nutrients,phosphate,7,3,6,S7_C3_D5,2022-06-08T18:30:00Z
S7_C3_D5_B,Si(OH)4,6.813536674,umol/L,dissolved,nutrients,silicate,7,3,6,S7_C3_D5,2022-06-08T18:30:00Z
S7_C3_D5_B,NO3,2.558524689,umol/L,dissolved,nutrients,nitrate,7,3,6,S7_C3_D5,2022-06-08T18:30:00Z
S7_C3_D5_B,NO2,0.161925028,umol/L,dissolved,nutrients,nitrite,7,3,6,S7_C3_D5,2022-06-08T18:30:00Z
S7_C3_D5_B,NH4,0.861943638,umol/L,dissolved,nutrients,ammonium,7,3,6,S7_C3_D5,2022-06-08T18:30:00Z
S7_C3_D5_C,PO4,0.525136426,umol/L,dissolved,nutrients,phosphate,7,3,6,S7_C3_D5,2022-06-08T18:30:00Z
S7_C3_D5_C,Si(OH)4,6.555803736,umol/L,dissolved,nutrients,silicate,7,3,6,S7_C3_D5,2022-06-08T18:30:00Z
S7_C3_D5_C,NO3,1.468693722,umol/L,dissolved,nutrients,nitrate,7,3,6,S7_C3_D5,2022-06-08T18:30:00Z
S7_C3_D5_C,NO2,0.15791796,umol/L,dissolved,nutrients,nitrite,7,3,6,S7_C3_D5,2022-06-08T18:30:00Z
S7_C3_D5_C,NH4,0.931107385,umol/L,dissolved,nutrients,ammonium,7,3,6,S7_C3_D5,2022-06-08T18:30:00Z
S7_C2_D4_A,PO4,1.593179717,umol/L,dissolved,nutrients,phosphate,7,2,15,S7_C2_D4,2022-06-08T17:30:00Z
S7_C2_D4_A,Si(OH)4,27.02107074,umol/L,dissolved,nutrients,silicate,7,2,15,S7_C2_D4,2022-06-08T17:30:00Z
S7_C2_D4_A,NO3,14.50966383,umol/L,dissolved,nutrients,nitrate,7,2,15,S7_C2_D4,2022-06-08T17:30:00Z
S7_C2_D4_A,NO2,0.593822248,umol/L,dissolved,nutrients,nitrite,7,2,15,S7_C2_D4,2022-06-08T17:30:00Z
S7_C2_D4_A,NH4,4.00352805,umol/L,dissolved,nutrients,ammonium,7,2,15,S7_C2_D4,2022-06-08T17:30:00Z
S7_C2_D4_B,PO4,1.583220752,umol/L,dissolved,nutrients,phosphate,7,2,15,S7_C2_D4,2022-06-08T17:30:00Z
S7_C2_D4_B,Si(OH)4,26.99433372,umol/L,dissolved,nutrients,silicate,7,2,15,S7_C2_D4,2022-06-08T17:30:00Z
S7_C2_D4_B,NO3,14.76772303,umol/L,dissolved,nutrients,nitrate,7,2,15,S7_C2_D4,2022-06-08T17:30:00Z
S7_C2_D4_B,NO2,0.590731187,umol/L,dissolved,nutrients,nitrite,7,2,15,S7_C2_D4,2022-06-08T17:30:00Z
S7_C2_D4_B,NH4,4.543966487,umol/L,dissolved,nutrients,ammonium,7,2,15,S7_C2_D4,2022-06-08T17:30:00Z
S7_C2_D4_C,PO4,1.623919342,umol/L,dissolved,nutrients,phosphate,7,2,15,S7_C2_D4,2022-06-08T17:30:00Z
S7_C2_D4_C,Si(OH)4,27.05940869,umol/L,dissolved,nutrients,silicate,7,2,15,S7_C2_D4,2022-06-08T17:30:00Z
S7_C2_D4_C,NO3,14.74506772,umol/L,dissolved,nutrients,nitrate,7,2,15,S7_C2_D4,2022-06-08T17:30:00Z
S7_C2_D4_C,NO2,0.603759699,umol/L,dissolved,nutrients,nitrite,7,2,15,S7_C2_D4,2022-06-08T17:30:00Z
S7_C2_D4_C,NH4,4.420307462,umol/L,dissolved,nutrients,ammonium,7,2,15,S7_C2_D4,2022-06-08T17:30:00Z
S7_C2_D3_A,PO4,1.843012404,umol/L,dissolved,nutrients,phosphate,7,2,30,S7_C2_D3,2022-06-08T17:30:00Z
S7_C2_D3_A,Si(OH)4,31.73465942,umol/L,dissolved,nutrients,silicate,7,2,30,S7_C2_D3,2022-06-08T17:30:00Z
S7_C2_D3_A,NO3,18.13603107,umol/L,dissolved,nutrients,nitrate,7,2,30,S7_C2_D3,2022-06-08T17:30:00Z
S7_C2_D3_A,NO2,0.695661761,umol/L,dissolved,nutrients,nitrite,7,2,30,S7_C2_D3,2022-06-08T17:30:00Z
S7_C2_D3_A,NH4,4.341984539,umol/L,dissolved,nutrients,ammonium,7,2,30,S7_C2_D3,2022-06-08T17:30:00Z
S7_C2_D3_B,PO4,1.820967456,umol/L,dissolved,nutrients,phosphate,7,2,30,S7_C2_D3,2022-06-08T17:30:00Z
S7_C2_D3_B,Si(OH)4,31.07448637,umol/L,dissolved,nutrients,silicate,7,2,30,S7_C2_D3,2022-06-08T17:30:00Z
S7_C2_D3_B,NO3,17.83334325,umol/L,dissolved,nutrients,nitrate,7,2,30,S7_C2_D3,2022-06-08T17:30:00Z
S7_C2_D3_B,NO2,0.685045521,umol/L,dissolved,nutrients,nitrite,7,2,30,S7_C2_D3,2022-06-08T17:30:00Z
S7_C2_D3_B,NH4,3.854973734,umol/L,dissolved,nutrients,ammonium,7,2,30,S7_C2_D3,2022-06-08T17:30:00Z
S7_C2_D3_C,PO4,1.824174972,umol/L,dissolved,nutrients,phosphate,7,2,30,S7_C2_D3,2022-06-08T17:30:00Z
S7_C2_D3_C,Si(OH)4,31.82167711,umol/L,dissolved,nutrients,silicate,7,2,30,S7_C2_D3,2022-06-08T17:30:00Z
S7_C2_D3_C,NO3,17.86809317,umol/L,dissolved,nutrients,nitrate,7,2,30,S7_C2_D3,2022-06-08T17:30:00Z
S7_C2_D3_C,NO2,0.690834181,umol/L,dissolved,nutrients,nitrite,7,2,30,S7_C2_D3,2022-06-08T17:30:00Z
S7_C2_D3_C,NH4,3.919634094,umol/L,dissolved,nutrients,ammonium,7,2,30,S7_C2_D3,2022-06-08T17:30:00Z
S7_C1_D2_A,PO4,1.821070697,umol/L,dissolved,nutrients,phosphate,7,1,90,S7_C1_D2,2022-06-08T15:30:00Z
S7_C1_D2_A,Si(OH)4,30.96751522,umol/L,dissolved,nutrients,silicate,7,1,90,S7_C1_D2,2022-06-08T15:30:00Z
S7_C1_D2_A,NO3,19.18249436,umol/L,dissolved,nutrients,nitrate,7,1,90,S7_C1_D2,2022-06-08T15:30:00Z
S7_C1_D2_A,NO2,0.524994139,umol/L,dissolved,nutrients,nitrite,7,1,90,S7_C1_D2,2022-06-08T15:30:00Z
S7_C1_D2_A,NH4,2.619860238,umol/L,dissolved,nutrients,ammonium,7,1,90,S7_C1_D2,2022-06-08T15:30:00Z
S7_C1_D2_B,PO4,1.813287757,umol/L,dissolved,nutrients,phosphate,7,1,90,S7_C1_D2,2022-06-08T15:30:00Z
S7_C1_D2_B,Si(OH)4,31.3182616,umol/L,dissolved,nutrients,silicate,7,1,90,S7_C1_D2,2022-06-08T15:30:00Z
S7_C1_D2_B,NO3,19.25070947,umol/L,dissolved,nutrients,nitrate,7,1,90,S7_C1_D2,2022-06-08T15:30:00Z
S7_C1_D2_B,NO2,0.528424437,umol/L,dissolved,nutrients,nitrite,7,1,90,S7_C1_D2,2022-06-08T15:30:00Z
S7_C1_D2_B,NH4,2.785684096,umol/L,dissolved,nutrients,ammonium,7,1,90,S7_C1_D2,2022-06-08T15:30:00Z
S7_C1_D2_C,PO4,1.828333626,umol/L,dissolved,nutrients,phosphate,7,1,90,S7_C1_D2,2022-06-08T15:30:00Z
S7_C1_D2_C,Si(OH)4,31.22036322,umol/L,dissolved,nutrients,silicate,7,1,90,S7_C1_D2,2022-06-08T15:30:00Z
S7_C1_D2_C,NO3,19.90238208,umol/L,dissolved,nutrients,nitrate,7,1,90,S7_C1_D2,2022-06-08T15:30:00Z
S7_C1_D2_C,NO2,0.52569465,umol/L,dissolved,nutrients,nitrite,7,1,90,S7_C1_D2,2022-06-08T15:30:00Z
S7_C1_D2_C,NH4,2.866648582,umol/L,dissolved,nutrients,ammonium,7,1,90,S7_C1_D2,2022-06-08T15:30:00Z
S7_C1_D1_A,PO4,1.819630168,umol/L,dissolved,nutrients,phosphate,7,1,156,S7_C1_D1,2022-06-08T15:30:00Z
S7_C1_D1_A,Si(OH)4,30.56880689,umol/L,dissolved,nutrients,silicate,7,1,156,S7_C1_D1,2022-06-08T15:30:00Z
S7_C1_D1_A,NO3,20.21667068,umol/L,dissolved,nutrients,nitrate,7,1,156,S7_C1_D1,2022-06-08T15:30:00Z
S7_C1_D1_A,NO2,0.461512204,umol/L,dissolved,nutrients,nitrite,7,1,156,S7_C1_D1,2022-06-08T15:30:00Z
S7_C1_D1_A,NH4,2.174854153,umol/L,dissolved,nutrients,ammonium,7,1,156,S7_C1_D1,2022-06-08T15:30:00Z
S7_C1_D1_B,PO4,1.817945282,umol/L,dissolved,nutrients,phosphate,7,1,156,S7_C1_D1,2022-06-08T15:30:00Z
S7_C1_D1_B,Si(OH)4,30.48333199,umol/L,dissolved,nutrients,silicate,7,1,156,S7_C1_D1,2022-06-08T15:30:00Z
S7_C1_D1_B,NO3,21.92951283,umol/L,dissolved,nutrients,nitrate,7,1,156,S7_C1_D1,2022-06-08T15:30:00Z
S7_C1_D1_B,NO2,0.476976717,umol/L,dissolved,nutrients,nitrite,7,1,156,S7_C1_D1,2022-06-08T15:30:00Z
S7_C1_D1_B,NH4,2.40888398,umol/L,dissolved,nutrients,ammonium,7,1,156,S7_C1_D1,2022-06-08T15:30:00Z
S7_C1_D1_C,PO4,1.800245587,umol/L,dissolved,nutrients,phosphate,7,1,156,S7_C1_D1,2022-06-08T15:30:00Z
S7_C1_D1_C,Si(OH)4,30.04208129,umol/L,dissolved,nutrients,silicate,7,1,156,S7_C1_D1,2022-06-08T15:30:00Z
S7_C1_D1_C,NO3,19.94052945,umol/L,dissolved,nutrients,nitrate,7,1,156,S7_C1_D1,2022-06-08T15:30:00Z
S7_C1_D1_C,NO2,0.461787526,umol/L,dissolved,nutrients,nitrite,7,1,156,S7_C1_D1,2022-06-08T15:30:00Z
S7_C1_D1_C,NH4,3.18613832,umol/L,dissolved,nutrients,ammonium,7,1,156,S7_C1_D1,2022-06-08T15:30:00Z
S1_C1_5M_A,PO4,0.564643151,umol/L,dissolved,nutrients,phosphate,1,1,1,S1_C1_5M,NA
S1_C1_5M_A,Si(OH)4,9.289497516,umol/L,dissolved,nutrients,silicate,1,1,1,S1_C1_5M,NA
S1_C1_5M_A,NO3,1.343396857,umol/L,dissolved,nutrients,nitrate,1,1,1,S1_C1_5M,NA
S1_C1_5M_A,NO2,0.183549304,umol/L,dissolved,nutrients,nitrite,1,1,1,S1_C1_5M,NA
S1_C1_5M_A,NH4,0.279987483,umol/L,dissolved,nutrients,ammonium,1,1,1,S1_C1_5M,NA
S1_C1_5M_B,PO4,0.698164198,umol/L,dissolved,nutrients,phosphate,1,1,1,S1_C1_5M,NA
S1_C1_5M_B,Si(OH)4,9.06987302,umol/L,dissolved,nutrients,silicate,1,1,1,S1_C1_5M,NA
S1_C1_5M_B,NO3,1.840517093,umol/L,dissolved,nutrients,nitrate,1,1,1,S1_C1_5M,NA
S1_C1_5M_B,NO2,0.195722623,umol/L,dissolved,nutrients,nitrite,1,1,1,S1_C1_5M,NA
S1_C1_5M_B,NH4,0.928494022,umol/L,dissolved,nutrients,ammonium,1,1,1,S1_C1_5M,NA
S1_C1_5M_C,PO4,0.606489889,umol/L,dissolved,nutrients,phosphate,1,1,1,S1_C1_5M,NA
S1_C1_5M_C,Si(OH)4,9.148437397,umol/L,dissolved,nutrients,silicate,1,1,1,S1_C1_5M,NA
S1_C1_5M_C,NO3,1.569170959,umol/L,dissolved,nutrients,nitrate,1,1,1,S1_C1_5M,NA
S1_C1_5M_C,NO2,0.193222646,umol/L,dissolved,nutrients,nitrite,1,1,1,S1_C1_5M,NA
S1_C1_5M_C,NH4,0.867998609,umol/L,dissolved,nutrients,ammonium,1,1,1,S1_C1_5M,NA
S1_C1_DCM_A,PO4,0.71065016,umol/L,dissolved,nutrients,phosphate,1,1,4,S1_C1_DCM,NA
S1_C1_DCM_A,Si(OH)4,11.52745829,umol/L,dissolved,nutrients,silicate,1,1,4,S1_C1_DCM,NA
S1_C1_DCM_A,NO3,2.963361716,umol/L,dissolved,nutrients,nitrate,1,1,4,S1_C1_DCM,NA
S1_C1_DCM_A,NO2,0.20403784,umol/L,dissolved,nutrients,nitrite,1,1,4,S1_C1_DCM,NA
S1_C1_DCM_A,NH4,0.319984744,umol/L,dissolved,nutrients,ammonium,1,1,4,S1_C1_DCM,NA
S1_C1_DCM_B,PO4,0.681445465,umol/L,dissolved,nutrients,phosphate,1,1,4,S1_C1_DCM,NA
S1_C1_DCM_B,Si(OH)4,10.60040722,umol/L,dissolved,nutrients,silicate,1,1,4,S1_C1_DCM,NA
S1_C1_DCM_B,NO3,3.17614072,umol/L,dissolved,nutrients,nitrate,1,1,4,S1_C1_DCM,NA
S1_C1_DCM_B,NO2,0.192282771,umol/L,dissolved,nutrients,nitrite,1,1,4,S1_C1_DCM,NA
S1_C1_DCM_B,NH4,1.070208224,umol/L,dissolved,nutrients,ammonium,1,1,4,S1_C1_DCM,NA
S1_C1_DCM_C,PO4,0.644887593,umol/L,dissolved,nutrients,phosphate,1,1,4,S1_C1_DCM,NA
S1_C1_DCM_C,Si(OH)4,11.00331951,umol/L,dissolved,nutrients,silicate,1,1,4,S1_C1_DCM,NA
S1_C1_DCM_C,NO3,2.631215125,umol/L,dissolved,nutrients,nitrate,1,1,4,S1_C1_DCM,NA
S1_C1_DCM_C,NO2,0.196475183,umol/L,dissolved,nutrients,nitrite,1,1,4,S1_C1_DCM,NA
S1_C1_DCM_C,NH4,0.554864382,umol/L,dissolved,nutrients,ammonium,1,1,4,S1_C1_DCM,NA
S2_C1_SRF_A,PO4,1.864834778,umol/L,dissolved,nutrients,phosphate,2,1,3,S2_C1_SRF,2022-06-04T02:27:00Z
S2_C1_SRF_A,Si(OH)4,29.83068444,umol/L,dissolved,nutrients,silicate,2,1,3,S2_C1_SRF,2022-06-04T02:27:00Z
S2_C1_SRF_A,NO3,27.33674067,umol/L,dissolved,nutrients,nitrate,2,1,3,S2_C1_SRF,2022-06-04T02:27:00Z
S2_C1_SRF_A,NO2,0.450247778,umol/L,dissolved,nutrients,nitrite,2,1,3,S2_C1_SRF,2022-06-04T02:27:00Z
S2_C1_SRF_A,NH4,2.2501674,umol/L,dissolved,nutrients,ammonium,2,1,3,S2_C1_SRF,2022-06-04T02:27:00Z
S2_C1_SRF_B,PO4,1.871976475,umol/L,dissolved,nutrients,phosphate,2,1,3,S2_C1_SRF,2022-06-04T02:27:00Z
S2_C1_SRF_B,Si(OH)4,27.85371361,umol/L,dissolved,nutrients,silicate,2,1,3,S2_C1_SRF,2022-06-04T02:27:00Z
S2_C1_SRF_B,NO3,22.13376399,umol/L,dissolved,nutrients,nitrate,2,1,3,S2_C1_SRF,2022-06-04T02:27:00Z
S2_C1_SRF_B,NO2,0.455394765,umol/L,dissolved,nutrients,nitrite,2,1,3,S2_C1_SRF,2022-06-04T02:27:00Z
S2_C1_SRF_B,NH4,2.300065475,umol/L,dissolved,nutrients,ammonium,2,1,3,S2_C1_SRF,2022-06-04T02:27:00Z
S2_C1_SRF_C,PO4,1.841672917,umol/L,dissolved,nutrients,phosphate,2,1,3,S2_C1_SRF,2022-06-04T02:27:00Z
S2_C1_SRF_C,Si(OH)4,31.64865149,umol/L,dissolved,nutrients,silicate,2,1,3,S2_C1_SRF,2022-06-04T02:27:00Z
S2_C1_SRF_C,NO3,22.92864165,umol/L,dissolved,nutrients,nitrate,2,1,3,S2_C1_SRF,2022-06-04T02:27:00Z
S2_C1_SRF_C,NO2,0.458974945,umol/L,dissolved,nutrients,nitrite,2,1,3,S2_C1_SRF,2022-06-04T02:27:00Z
S2_C1_SRF_C,NH4,2.585752597,umol/L,dissolved,nutrients,ammonium,2,1,3,S2_C1_SRF,2022-06-04T02:27:00Z
S2_C6_D1_A,PO4,1.755547404,umol/L,dissolved,nutrients,phosphate,2,6,4,S2_C6_D1,2022-06-05T13:33:00Z
S2_C6_D1_A,Si(OH)4,28.07623076,umol/L,dissolved,nutrients,silicate,2,6,4,S2_C6_D1,2022-06-05T13:33:00Z
S2_C6_D1_A,NO3,19.95551128,umol/L,dissolved,nutrients,nitrate,2,6,4,S2_C6_D1,2022-06-05T13:33:00Z
S2_C6_D1_A,NO2,0.442352118,umol/L,dissolved,nutrients,nitrite,2,6,4,S2_C6_D1,2022-06-05T13:33:00Z
S2_C6_D1_A,NH4,2.312268061,umol/L,dissolved,nutrients,ammonium,2,6,4,S2_C6_D1,2022-06-05T13:33:00Z
S2_C6_D1_B,PO4,1.767606682,umol/L,dissolved,nutrients,phosphate,2,6,4,S2_C6_D1,2022-06-05T13:33:00Z
S2_C6_D1_B,Si(OH)4,27.86165753,umol/L,dissolved,nutrients,silicate,2,6,4,S2_C6_D1,2022-06-05T13:33:00Z
S2_C6_D1_B,NO3,19.96601921,umol/L,dissolved,nutrients,nitrate,2,6,4,S2_C6_D1,2022-06-05T13:33:00Z
S2_C6_D1_B,NO2,0.442448183,umol/L,dissolved,nutrients,nitrite,2,6,4,S2_C6_D1,2022-06-05T13:33:00Z
S2_C6_D1_B,NH4,2.522331152,umol/L,dissolved,nutrients,ammonium,2,6,4,S2_C6_D1,2022-06-05T13:33:00Z
S2_C6_D1_C,PO4,1.746346827,umol/L,dissolved,nutrients,phosphate,2,6,4,S2_C6_D1,2022-06-05T13:33:00Z
S2_C6_D1_C,Si(OH)4,28.34253512,umol/L,dissolved,nutrients,silicate,2,6,4,S2_C6_D1,2022-06-05T13:33:00Z
S2_C6_D1_C,NO3,19.72929499,umol/L,dissolved,nutrients,nitrate,2,6,4,S2_C6_D1,2022-06-05T13:33:00Z
S2_C6_D1_C,NO2,0.440837531,umol/L,dissolved,nutrients,nitrite,2,6,4,S2_C6_D1,2022-06-05T13:33:00Z
S2_C6_D1_C,NH4,2.134799583,umol/L,dissolved,nutrients,ammonium,2,6,4,S2_C6_D1,2022-06-05T13:33:00Z
S2_C4_D6_A,PO4,1.86554424,umol/L,dissolved,nutrients,phosphate,2,4,4,S2_C4_D6,2022-06-04T18:20:00Z
S2_C4_D6_A,Si(OH)4,31.59034971,umol/L,dissolved,nutrients,silicate,2,4,4,S2_C4_D6,2022-06-04T18:20:00Z
S2_C4_D6_A,NO3,21.26776658,umol/L,dissolved,nutrients,nitrate,2,4,4,S2_C4_D6,2022-06-04T18:20:00Z
S2_C4_D6_A,NO2,0.44932356,umol/L,dissolved,nutrients,nitrite,2,4,4,S2_C4_D6,2022-06-04T18:20:00Z
S2_C4_D6_A,NH4,0.986825976,umol/L,dissolved,nutrients,ammonium,2,4,4,S2_C4_D6,2022-06-04T18:20:00Z
S2_C4_D6_B,PO4,1.853791409,umol/L,dissolved,nutrients,phosphate,2,4,4,S2_C4_D6,2022-06-04T18:20:00Z
S2_C4_D6_B,Si(OH)4,32.30766376,umol/L,dissolved,nutrients,silicate,2,4,4,S2_C4_D6,2022-06-04T18:20:00Z
S2_C4_D6_B,NO3,21.31735157,umol/L,dissolved,nutrients,nitrate,2,4,4,S2_C4_D6,2022-06-04T18:20:00Z
S2_C4_D6_B,NO2,0.450271493,umol/L,dissolved,nutrients,nitrite,2,4,4,S2_C4_D6,2022-06-04T18:20:00Z
S2_C4_D6_B,NH4,1.033007547,umol/L,dissolved,nutrients,ammonium,2,4,4,S2_C4_D6,2022-06-04T18:20:00Z
S2_C4_D6_C,PO4,1.87490958,umol/L,dissolved,nutrients,phosphate,2,4,4,S2_C4_D6,2022-06-04T18:20:00Z
S2_C4_D6_C,Si(OH)4,32.18349945,umol/L,dissolved,nutrients,silicate,2,4,4,S2_C4_D6,2022-06-04T18:20:00Z
S2_C4_D6_C,NO3,21.52308086,umol/L,dissolved,nutrients,nitrate,2,4,4,S2_C4_D6,2022-06-04T18:20:00Z
S2_C4_D6_C,NO2,0.460032752,umol/L,dissolved,nutrients,nitrite,2,4,4,S2_C4_D6,2022-06-04T18:20:00Z
S2_C4_D6_C,NH4,1.035292297,umol/L,dissolved,nutrients,ammonium,2,4,4,S2_C4_D6,2022-06-04T18:20:00Z
S2_C4_D5_A,PO4,1.907623884,umol/L,dissolved,nutrients,phosphate,2,4,15,S2_C4_D5,2022-06-04T18:20:00Z
S2_C4_D5_A,Si(OH)4,31.3669686,umol/L,dissolved,nutrients,silicate,2,4,15,S2_C4_D5,2022-06-04T18:20:00Z
S2_C4_D5_A,NO3,21.68609648,umol/L,dissolved,nutrients,nitrate,2,4,15,S2_C4_D5,2022-06-04T18:20:00Z
S2_C4_D5_A,NO2,0.443496271,umol/L,dissolved,nutrients,nitrite,2,4,15,S2_C4_D5,2022-06-04T18:20:00Z
S2_C4_D5_A,NH4,1.141923223,umol/L,dissolved,nutrients,ammonium,2,4,15,S2_C4_D5,2022-06-04T18:20:00Z
S2_C4_D5_B,PO4,1.890321457,umol/L,dissolved,nutrients,phosphate,2,4,15,S2_C4_D5,2022-06-04T18:20:00Z
S2_C4_D5_B,Si(OH)4,31.3158923,umol/L,dissolved,nutrients,silicate,2,4,15,S2_C4_D5,2022-06-04T18:20:00Z
S2_C4_D5_B,NO3,21.55371391,umol/L,dissolved,nutrients,nitrate,2,4,15,S2_C4_D5,2022-06-04T18:20:00Z
S2_C4_D5_B,NO2,0.446505216,umol/L,dissolved,nutrients,nitrite,2,4,15,S2_C4_D5,2022-06-04T18:20:00Z
S2_C4_D5_B,NH4,1.087016,umol/L,dissolved,nutrients,ammonium,2,4,15,S2_C4_D5,2022-06-04T18:20:00Z
S2_C4_D5_C,PO4,1.875617875,umol/L,dissolved,nutrients,phosphate,2,4,15,S2_C4_D5,2022-06-04T18:20:00Z
S2_C4_D5_C,Si(OH)4,30.99315363,umol/L,dissolved,nutrients,silicate,2,4,15,S2_C4_D5,2022-06-04T18:20:00Z
S2_C4_D5_C,NO3,21.66833701,umol/L,dissolved,nutrients,nitrate,2,4,15,S2_C4_D5,2022-06-04T18:20:00Z
S2_C4_D5_C,NO2,0.449442154,umol/L,dissolved,nutrients,nitrite,2,4,15,S2_C4_D5,2022-06-04T18:20:00Z
S2_C4_D5_C,NH4,1.121453914,umol/L,dissolved,nutrients,ammonium,2,4,15,S2_C4_D5,2022-06-04T18:20:00Z
S2_C3_D4_A,PO4,2.033654671,umol/L,dissolved,nutrients,phosphate,2,3,30,S2_C3_D4,2022-06-04T15:35:00Z
S2_C3_D4_A,Si(OH)4,34.18734532,umol/L,dissolved,nutrients,silicate,2,3,30,S2_C3_D4,2022-06-04T15:35:00Z
S2_C3_D4_A,NO3,24.80202084,umol/L,dissolved,nutrients,nitrate,2,3,30,S2_C3_D4,2022-06-04T15:35:00Z
S2_C3_D4_A,NO2,0.389300551,umol/L,dissolved,nutrients,nitrite,2,3,30,S2_C3_D4,2022-06-04T15:35:00Z
S2_C3_D4_A,NH4,1.285097477,umol/L,dissolved,nutrients,ammonium,2,3,30,S2_C3_D4,2022-06-04T15:35:00Z
S2_C3_D4_B,PO4,2.047454135,umol/L,dissolved,nutrients,phosphate,2,3,30,S2_C3_D4,2022-06-04T15:35:00Z
S2_C3_D4_B,Si(OH)4,33.9930199,umol/L,dissolved,nutrients,silicate,2,3,30,S2_C3_D4,2022-06-04T15:35:00Z
S2_C3_D4_B,NO3,24.79183823,umol/L,dissolved,nutrients,nitrate,2,3,30,S2_C3_D4,2022-06-04T15:35:00Z
S2_C3_D4_B,NO2,0.389972763,umol/L,dissolved,nutrients,nitrite,2,3,30,S2_C3_D4,2022-06-04T15:35:00Z
S2_C3_D4_B,NH4,1.206517537,umol/L,dissolved,nutrients,ammonium,2,3,30,S2_C3_D4,2022-06-04T15:35:00Z
S2_C3_D4_C,PO4,2.059737012,umol/L,dissolved,nutrients,phosphate,2,3,30,S2_C3_D4,2022-06-04T15:35:00Z
S2_C3_D4_C,Si(OH)4,35.04002621,umol/L,dissolved,nutrients,silicate,2,3,30,S2_C3_D4,2022-06-04T15:35:00Z
S2_C3_D4_C,NO3,25.21727552,umol/L,dissolved,nutrients,nitrate,2,3,30,S2_C3_D4,2022-06-04T15:35:00Z
S2_C3_D4_C,NO2,0.383472624,umol/L,dissolved,nutrients,nitrite,2,3,30,S2_C3_D4,2022-06-04T15:35:00Z
S2_C3_D4_C,NH4,1.153097216,umol/L,dissolved,nutrients,ammonium,2,3,30,S2_C3_D4,2022-06-04T15:35:00Z
S2_C3_D3_A,PO4,2.12976,umol/L,dissolved,nutrients,phosphate,2,3,45,S2_C3_D3,2022-06-04T15:35:00Z
S2_C3_D3_A,Si(OH)4,34.2615586,umol/L,dissolved,nutrients,silicate,2,3,45,S2_C3_D3,2022-06-04T15:35:00Z
S2_C3_D3_A,NO3,26.5538434,umol/L,dissolved,nutrients,nitrate,2,3,45,S2_C3_D3,2022-06-04T15:35:00Z
S2_C3_D3_A,NO2,0.3355815,umol/L,dissolved,nutrients,nitrite,2,3,45,S2_C3_D3,2022-06-04T15:35:00Z
S2_C3_D3_A,NH4,1.00567935,umol/L,dissolved,nutrients,ammonium,2,3,45,S2_C3_D3,2022-06-04T15:35:00Z
S2_C3_D3_B,PO4,2.124748856,umol/L,dissolved,nutrients,phosphate,2,3,45,S2_C3_D3,2022-06-04T15:35:00Z
S2_C3_D3_B,Si(OH)4,33.8832676,umol/L,dissolved,nutrients,silicate,2,3,45,S2_C3_D3,2022-06-04T15:35:00Z
S2_C3_D3_B,NO3,26.85894669,umol/L,dissolved,nutrients,nitrate,2,3,45,S2_C3_D3,2022-06-04T15:35:00Z
S2_C3_D3_B,NO2,0.346697113,umol/L,dissolved,nutrients,nitrite,2,3,45,S2_C3_D3,2022-06-04T15:35:00Z
S2_C3_D3_B,NH4,1.040101778,umol/L,dissolved,nutrients,ammonium,2,3,45,S2_C3_D3,2022-06-04T15:35:00Z
S2_C3_D3_C,PO4,2.106639202,umol/L,dissolved,nutrients,phosphate,2,3,45,S2_C3_D3,2022-06-04T15:35:00Z
S2_C3_D3_C,Si(OH)4,35.70693677,umol/L,dissolved,nutrients,silicate,2,3,45,S2_C3_D3,2022-06-04T15:35:00Z
S2_C3_D3_C,NO3,26.53338623,umol/L,dissolved,nutrients,nitrate,2,3,45,S2_C3_D3,2022-06-04T15:35:00Z
S2_C3_D3_C,NO2,0.338503275,umol/L,dissolved,nutrients,nitrite,2,3,45,S2_C3_D3,2022-06-04T15:35:00Z
S2_C3_D3_C,NH4,1.03573606,umol/L,dissolved,nutrients,ammonium,2,3,45,S2_C3_D3,2022-06-04T15:35:00Z
S2_C2_D2_A,PO4,2.168993771,umol/L,dissolved,nutrients,phosphate,2,2,65,S2_C2_D2,2022-06-04T13:31:00Z
S2_C2_D2_A,Si(OH)4,34.22186223,umol/L,dissolved,nutrients,silicate,2,2,65,S2_C2_D2,2022-06-04T13:31:00Z
S2_C2_D2_A,NO3,28.51563412,umol/L,dissolved,nutrients,nitrate,2,2,65,S2_C2_D2,2022-06-04T13:31:00Z
S2_C2_D2_A,NO2,0.279286951,umol/L,dissolved,nutrients,nitrite,2,2,65,S2_C2_D2,2022-06-04T13:31:00Z
S2_C2_D2_A,NH4,0.705367211,umol/L,dissolved,nutrients,ammonium,2,2,65,S2_C2_D2,2022-06-04T13:31:00Z
S2_C2_D2_B,PO4,2.181032052,umol/L,dissolved,nutrients,phosphate,2,2,65,S2_C2_D2,2022-06-04T13:31:00Z
S2_C2_D2_B,Si(OH)4,35.9051807,umol/L,dissolved,nutrients,silicate,2,2,65,S2_C2_D2,2022-06-04T13:31:00Z
S2_C2_D2_B,NO3,28.75411271,umol/L,dissolved,nutrients,nitrate,2,2,65,S2_C2_D2,2022-06-04T13:31:00Z
S2_C2_D2_B,NO2,0.275718309,umol/L,dissolved,nutrients,nitrite,2,2,65,S2_C2_D2,2022-06-04T13:31:00Z
S2_C2_D2_B,NH4,0.729529304,umol/L,dissolved,nutrients,ammonium,2,2,65,S2_C2_D2,2022-06-04T13:31:00Z
S2_C2_D2_C,PO4,2.17328179,umol/L,dissolved,nutrients,phosphate,2,2,65,S2_C2_D2,2022-06-04T13:31:00Z
S2_C2_D2_C,Si(OH)4,32.6566103,umol/L,dissolved,nutrients,silicate,2,2,65,S2_C2_D2,2022-06-04T13:31:00Z
S2_C2_D2_C,NO3,28.71246909,umol/L,dissolved,nutrients,nitrate,2,2,65,S2_C2_D2,2022-06-04T13:31:00Z
S2_C2_D2_C,NO2,0.27484666,umol/L,dissolved,nutrients,nitrite,2,2,65,S2_C2_D2,2022-06-04T13:31:00Z
S2_C2_D2_C,NH4,0.700182411,umol/L,dissolved,nutrients,ammonium,2,2,65,S2_C2_D2,2022-06-04T13:31:00Z
S2_C2_D1_A,PO4,2.334864884,umol/L,dissolved,nutrients,phosphate,2,2,135,S2_C2_D1,2022-06-04T13:31:00Z
S2_C2_D1_A,Si(OH)4,36.62894577,umol/L,dissolved,nutrients,silicate,2,2,135,S2_C2_D1,2022-06-04T13:31:00Z
S2_C2_D1_A,NO3,32.63012647,umol/L,dissolved,nutrients,nitrate,2,2,135,S2_C2_D1,2022-06-04T13:31:00Z
S2_C2_D1_A,NO2,0.211412071,umol/L,dissolved,nutrients,nitrite,2,2,135,S2_C2_D1,2022-06-04T13:31:00Z
S2_C2_D1_A,NH4,0.485849456,umol/L,dissolved,nutrients,ammonium,2,2,135,S2_C2_D1,2022-06-04T13:31:00Z
S2_C2_D1_B,PO4,2.324216158,umol/L,dissolved,nutrients,phosphate,2,2,135,S2_C2_D1,2022-06-04T13:31:00Z
S2_C2_D1_B,Si(OH)4,35.54409742,umol/L,dissolved,nutrients,silicate,2,2,135,S2_C2_D1,2022-06-04T13:31:00Z
S2_C2_D1_B,NO3,32.38888308,umol/L,dissolved,nutrients,nitrate,2,2,135,S2_C2_D1,2022-06-04T13:31:00Z
S2_C2_D1_B,NO2,0.215231608,umol/L,dissolved,nutrients,nitrite,2,2,135,S2_C2_D1,2022-06-04T13:31:00Z
S2_C2_D1_B,NH4,2.012957686,umol/L,dissolved,nutrients,ammonium,2,2,135,S2_C2_D1,2022-06-04T13:31:00Z
S2_C2_D1_C,PO4,2.319754965,umol/L,dissolved,nutrients,phosphate,2,2,135,S2_C2_D1,2022-06-04T13:31:00Z
S2_C2_D1_C,Si(OH)4,38.42694877,umol/L,dissolved,nutrients,silicate,2,2,135,S2_C2_D1,2022-06-04T13:31:00Z
S2_C2_D1_C,NO3,31.97970477,umol/L,dissolved,nutrients,nitrate,2,2,135,S2_C2_D1,2022-06-04T13:31:00Z
S2_C2_D1_C,NO2,0.218624471,umol/L,dissolved,nutrients,nitrite,2,2,135,S2_C2_D1,2022-06-04T13:31:00Z
S2_C2_D1_C,NH4,0.398742256,umol/L,dissolved,nutrients,ammonium,2,2,135,S2_C2_D1,2022-06-04T13:31:00Z
S3_C2_D4_A,PO4,1.995172272,umol/L,dissolved,nutrients,phosphate,3,2,4,S3_C2_D4,2022-06-05T18:45:00Z
S3_C2_D4_A,Si(OH)4,33.04916349,umol/L,dissolved,nutrients,silicate,3,2,4,S3_C2_D4,2022-06-05T18:45:00Z
S3_C2_D4_A,NO3,24.00571044,umol/L,dissolved,nutrients,nitrate,3,2,4,S3_C2_D4,2022-06-05T18:45:00Z
S3_C2_D4_A,NO2,0.510451198,umol/L,dissolved,nutrients,nitrite,3,2,4,S3_C2_D4,2022-06-05T18:45:00Z
S3_C2_D4_A,NH4,2.479179806,umol/L,dissolved,nutrients,ammonium,3,2,4,S3_C2_D4,2022-06-05T18:45:00Z
S3_C2_D4_B,PO4,2.01441146,umol/L,dissolved,nutrients,phosphate,3,2,4,S3_C2_D4,2022-06-05T18:45:00Z
S3_C2_D4_B,Si(OH)4,32.86376623,umol/L,dissolved,nutrients,silicate,3,2,4,S3_C2_D4,2022-06-05T18:45:00Z
S3_C2_D4_B,NO3,24.75377976,umol/L,dissolved,nutrients,nitrate,3,2,4,S3_C2_D4,2022-06-05T18:45:00Z
S3_C2_D4_B,NO2,0.534279839,umol/L,dissolved,nutrients,nitrite,3,2,4,S3_C2_D4,2022-06-05T18:45:00Z
S3_C2_D4_B,NH4,2.720158549,umol/L,dissolved,nutrients,ammonium,3,2,4,S3_C2_D4,2022-06-05T18:45:00Z
S3_C2_D4_C,PO4,1.990812071,umol/L,dissolved,nutrients,phosphate,3,2,4,S3_C2_D4,2022-06-05T18:45:00Z
S3_C2_D4_C,Si(OH)4,32.85644207,umol/L,dissolved,nutrients,silicate,3,2,4,S3_C2_D4,2022-06-05T18:45:00Z
S3_C2_D4_C,NO3,24.62364204,umol/L,dissolved,nutrients,nitrate,3,2,4,S3_C2_D4,2022-06-05T18:45:00Z
S3_C2_D4_C,NO2,0.520045584,umol/L,dissolved,nutrients,nitrite,3,2,4,S3_C2_D4,2022-06-05T18:45:00Z
S3_C2_D4_C,NH4,2.755541871,umol/L,dissolved,nutrients,ammonium,3,2,4,S3_C2_D4,2022-06-05T18:45:00Z
S3_C2_D3_A,PO4,2.041518528,umol/L,dissolved,nutrients,phosphate,3,2,10,S3_C2_D3,2022-06-05T18:33:00Z
S3_C2_D3_A,Si(OH)4,33.161431,umol/L,dissolved,nutrients,silicate,3,2,10,S3_C2_D3,2022-06-05T18:33:00Z
S3_C2_D3_A,NO3,24.37068228,umol/L,dissolved,nutrients,nitrate,3,2,10,S3_C2_D3,2022-06-05T18:33:00Z
S3_C2_D3_A,NO2,0.495683423,umol/L,dissolved,nutrients,nitrite,3,2,10,S3_C2_D3,2022-06-05T18:33:00Z
S3_C2_D3_A,NH4,2.302542731,umol/L,dissolved,nutrients,ammonium,3,2,10,S3_C2_D3,2022-06-05T18:33:00Z
S3_C2_D3_B,PO4,2.018999719,umol/L,dissolved,nutrients,phosphate,3,2,10,S3_C2_D3,2022-06-05T18:33:00Z
S3_C2_D3_B,Si(OH)4,32.8593074,umol/L,dissolved,nutrients,silicate,3,2,10,S3_C2_D3,2022-06-05T18:33:00Z
S3_C2_D3_B,NO3,24.05379514,umol/L,dissolved,nutrients,nitrate,3,2,10,S3_C2_D3,2022-06-05T18:33:00Z
S3_C2_D3_B,NO2,0.526941765,umol/L,dissolved,nutrients,nitrite,3,2,10,S3_C2_D3,2022-06-05T18:33:00Z
S3_C2_D3_B,NH4,2.729124904,umol/L,dissolved,nutrients,ammonium,3,2,10,S3_C2_D3,2022-06-05T18:33:00Z
S3_C2_D3_C,PO4,2.021844944,umol/L,dissolved,nutrients,phosphate,3,2,10,S3_C2_D3,2022-06-05T18:33:00Z
S3_C2_D3_C,Si(OH)4,32.70022031,umol/L,dissolved,nutrients,silicate,3,2,10,S3_C2_D3,2022-06-05T18:33:00Z
S3_C2_D3_C,NO3,24.22261257,umol/L,dissolved,nutrients,nitrate,3,2,10,S3_C2_D3,2022-06-05T18:33:00Z
S3_C2_D3_C,NO2,0.568106944,umol/L,dissolved,nutrients,nitrite,3,2,10,S3_C2_D3,2022-06-05T18:33:00Z
S3_C2_D3_C,NH4,2.481182867,umol/L,dissolved,nutrients,ammonium,3,2,10,S3_C2_D3,2022-06-05T18:33:00Z
S3_C1_D2_A,PO4,2.163665193,umol/L,dissolved,nutrients,phosphate,3,1,100,S3_C1_D2,NA
S3_C1_D2_A,Si(OH)4,36.10450907,umol/L,dissolved,nutrients,silicate,3,1,100,S3_C1_D2,NA
S3_C1_D2_A,NO3,28.35166479,umol/L,dissolved,nutrients,nitrate,3,1,100,S3_C1_D2,NA
S3_C1_D2_A,NO2,0.393534695,umol/L,dissolved,nutrients,nitrite,3,1,100,S3_C1_D2,NA
S3_C1_D2_A,NH4,1.61857805,umol/L,dissolved,nutrients,ammonium,3,1,100,S3_C1_D2,NA
S3_C1_D2_B,PO4,2.190328254,umol/L,dissolved,nutrients,phosphate,3,1,100,S3_C1_D2,NA
S3_C1_D2_B,Si(OH)4,36.38594043,umol/L,dissolved,nutrients,silicate,3,1,100,S3_C1_D2,NA
S3_C1_D2_B,NO3,28.67873985,umol/L,dissolved,nutrients,nitrate,3,1,100,S3_C1_D2,NA
S3_C1_D2_B,NO2,0.380962204,umol/L,dissolved,nutrients,nitrite,3,1,100,S3_C1_D2,NA
S3_C1_D2_B,NH4,1.405141035,umol/L,dissolved,nutrients,ammonium,3,1,100,S3_C1_D2,NA
S3_C1_D2_C,PO4,2.18725776,umol/L,dissolved,nutrients,phosphate,3,1,100,S3_C1_D2,NA
S3_C1_D2_C,Si(OH)4,34.82309321,umol/L,dissolved,nutrients,silicate,3,1,100,S3_C1_D2,NA
S3_C1_D2_C,NO3,27.59977066,umol/L,dissolved,nutrients,nitrate,3,1,100,S3_C1_D2,NA
S3_C1_D2_C,NO2,0.39324444,umol/L,dissolved,nutrients,nitrite,3,1,100,S3_C1_D2,NA
S3_C1_D2_C,NH4,1.059006464,umol/L,dissolved,nutrients,ammonium,3,1,100,S3_C1_D2,NA
S3_C1_D1_A,PO4,2.342626189,umol/L,dissolved,nutrients,phosphate,3,1,230,S3_C1_D1,NA
S3_C1_D1_A,Si(OH)4,39.41149993,umol/L,dissolved,nutrients,silicate,3,1,230,S3_C1_D1,NA
S3_C1_D1_A,NO3,30.89834277,umol/L,dissolved,nutrients,nitrate,3,1,230,S3_C1_D1,NA
S3_C1_D1_A,NO2,0.253822213,umol/L,dissolved,nutrients,nitrite,3,1,230,S3_C1_D1,NA
S3_C1_D1_A,NH4,0.664418532,umol/L,dissolved,nutrients,ammonium,3,1,230,S3_C1_D1,NA
S3_C1_D1_B,PO4,2.319363309,umol/L,dissolved,nutrients,phosphate,3,1,230,S3_C1_D1,NA
S3_C1_D1_B,Si(OH)4,35.87035858,umol/L,dissolved,nutrients,silicate,3,1,230,S3_C1_D1,NA
S3_C1_D1_B,NO3,30.83033624,umol/L,dissolved,nutrients,nitrate,3,1,230,S3_C1_D1,NA
S3_C1_D1_B,NO2,0.243825512,umol/L,dissolved,nutrients,nitrite,3,1,230,S3_C1_D1,NA
S3_C1_D1_B,NH4,0.542110167,umol/L,dissolved,nutrients,ammonium,3,1,230,S3_C1_D1,NA
S3_C1_D1_C,PO4,2.313618584,umol/L,dissolved,nutrients,phosphate,3,1,230,S3_C1_D1,NA
S3_C1_D1_C,Si(OH)4,39.81638677,umol/L,dissolved,nutrients,silicate,3,1,230,S3_C1_D1,NA
S3_C1_D1_C,NO3,30.83911476,umol/L,dissolved,nutrients,nitrate,3,1,230,S3_C1_D1,NA
S3_C1_D1_C,NO2,0.263907771,umol/L,dissolved,nutrients,nitrite,3,1,230,S3_C1_D1,NA
S3_C1_D1_C,NH4,0.594765209,umol/L,dissolved,nutrients,ammonium,3,1,230,S3_C1_D1,NA
S2_C8_D1_A,PO4,1.755584961,umol/L,dissolved,nutrients,phosphate,2,8,10,S2_C8_D1,NA
S2_C8_D1_A,Si(OH)4,30.13563708,umol/L,dissolved,nutrients,silicate,2,8,10,S2_C8_D1,NA
S2_C8_D1_A,NO3,20.57087166,umol/L,dissolved,nutrients,nitrate,2,8,10,S2_C8_D1,NA
S2_C8_D1_A,NO2,0.4853006,umol/L,dissolved,nutrients,nitrite,2,8,10,S2_C8_D1,NA
S2_C8_D1_A,NH4,1.025954011,umol/L,dissolved,nutrients,ammonium,2,8,10,S2_C8_D1,NA
S2_C8_D1_B,PO4,1.757318418,umol/L,dissolved,nutrients,phosphate,2,8,10,S2_C8_D1,NA
S2_C8_D1_B,Si(OH)4,30.2334667,umol/L,dissolved,nutrients,silicate,2,8,10,S2_C8_D1,NA
S2_C8_D1_B,NO3,20.12454034,umol/L,dissolved,nutrients,nitrate,2,8,10,S2_C8_D1,NA
S2_C8_D1_B,NO2,0.496281571,umol/L,dissolved,nutrients,nitrite,2,8,10,S2_C8_D1,NA
S2_C8_D1_B,NH4,1.029244909,umol/L,dissolved,nutrients,ammonium,2,8,10,S2_C8_D1,NA
S2_C8_D1_C,PO4,1.759840198,umol/L,dissolved,nutrients,phosphate,2,8,10,S2_C8_D1,NA
S2_C8_D1_C,Si(OH)4,30.48297904,umol/L,dissolved,nutrients,silicate,2,8,10,S2_C8_D1,NA
S2_C8_D1_C,NO3,20.1067817,umol/L,dissolved,nutrients,nitrate,2,8,10,S2_C8_D1,NA
S2_C8_D1_C,NO2,0.49205379,umol/L,dissolved,nutrients,nitrite,2,8,10,S2_C8_D1,NA
S2_C8_D1_C,NH4,1.181006056,umol/L,dissolved,nutrients,ammonium,2,8,10,S2_C8_D1,NA
S5_C2_D4_A,PO4,1.35920256,umol/L,dissolved,nutrients,phosphate,5,2,4,S5_C2_D4,2022-06-07T01:00:00Z
S5_C2_D4_A,Si(OH)4,24.22643853,umol/L,dissolved,nutrients,silicate,5,2,4,S5_C2_D4,2022-06-07T01:00:00Z
S5_C2_D4_A,NO3,14.73311188,umol/L,dissolved,nutrients,nitrate,5,2,4,S5_C2_D4,2022-06-07T01:00:00Z
S5_C2_D4_A,NO2,0.49321734,umol/L,dissolved,nutrients,nitrite,5,2,4,S5_C2_D4,2022-06-07T01:00:00Z
S5_C2_D4_A,NH4,0.696308544,umol/L,dissolved,nutrients,ammonium,5,2,4,S5_C2_D4,2022-06-07T01:00:00Z
S5_C2_D4_B,PO4,1.394044609,umol/L,dissolved,nutrients,phosphate,5,2,4,S5_C2_D4,2022-06-07T01:00:00Z
S5_C2_D4_B,Si(OH)4,28.32338184,umol/L,dissolved,nutrients,silicate,5,2,4,S5_C2_D4,2022-06-07T01:00:00Z
S5_C2_D4_B,NO3,14.94264262,umol/L,dissolved,nutrients,nitrate,5,2,4,S5_C2_D4,2022-06-07T01:00:00Z
S5_C2_D4_B,NO2,0.497191871,umol/L,dissolved,nutrients,nitrite,5,2,4,S5_C2_D4,2022-06-07T01:00:00Z
S5_C2_D4_B,NH4,0.744731226,umol/L,dissolved,nutrients,ammonium,5,2,4,S5_C2_D4,2022-06-07T01:00:00Z
S5_C2_D4_C,PO4,1.401064815,umol/L,dissolved,nutrients,phosphate,5,2,4,S5_C2_D4,2022-06-07T01:00:00Z
S5_C2_D4_C,Si(OH)4,28.28710949,umol/L,dissolved,nutrients,silicate,5,2,4,S5_C2_D4,2022-06-07T01:00:00Z
S5_C2_D4_C,NO3,15.42676257,umol/L,dissolved,nutrients,nitrate,5,2,4,S5_C2_D4,2022-06-07T01:00:00Z
S5_C2_D4_C,NO2,0.502225295,umol/L,dissolved,nutrients,nitrite,5,2,4,S5_C2_D4,2022-06-07T01:00:00Z
S5_C2_D4_C,NH4,0.693399287,umol/L,dissolved,nutrients,ammonium,5,2,4,S5_C2_D4,2022-06-07T01:00:00Z
S5_C2_D3_A,PO4,1.622509444,umol/L,dissolved,nutrients,phosphate,5,2,12,S5_C2_D3,2022-06-07T01:00:00Z
S5_C2_D3_A,Si(OH)4,29.53700224,umol/L,dissolved,nutrients,silicate,5,2,12,S5_C2_D3,2022-06-07T01:00:00Z
S5_C2_D3_A,NO3,18.095409,umol/L,dissolved,nutrients,nitrate,5,2,12,S5_C2_D3,2022-06-07T01:00:00Z
S5_C2_D3_A,NO2,0.501957111,umol/L,dissolved,nutrients,nitrite,5,2,12,S5_C2_D3,2022-06-07T01:00:00Z
S5_C2_D3_A,NH4,1.538052017,umol/L,dissolved,nutrients,ammonium,5,2,12,S5_C2_D3,2022-06-07T01:00:00Z
S5_C2_D3_B,PO4,1.619890075,umol/L,dissolved,nutrients,phosphate,5,2,12,S5_C2_D3,2022-06-07T01:00:00Z
S5_C2_D3_B,Si(OH)4,29.77481065,umol/L,dissolved,nutrients,silicate,5,2,12,S5_C2_D3,2022-06-07T01:00:00Z
S5_C2_D3_B,NO3,17.70425964,umol/L,dissolved,nutrients,nitrate,5,2,12,S5_C2_D3,2022-06-07T01:00:00Z
S5_C2_D3_B,NO2,0.500134565,umol/L,dissolved,nutrients,nitrite,5,2,12,S5_C2_D3,2022-06-07T01:00:00Z
S5_C2_D3_B,NH4,1.566396732,umol/L,dissolved,nutrients,ammonium,5,2,12,S5_C2_D3,2022-06-07T01:00:00Z
S5_C2_D3_C,PO4,1.556230372,umol/L,dissolved,nutrients,phosphate,5,2,12,S5_C2_D3,2022-06-07T01:00:00Z
S5_C2_D3_C,Si(OH)4,29.32145917,umol/L,dissolved,nutrients,silicate,5,2,12,S5_C2_D3,2022-06-07T01:00:00Z
S5_C2_D3_C,NO3,16.53307738,umol/L,dissolved,nutrients,nitrate,5,2,12,S5_C2_D3,2022-06-07T01:00:00Z
S5_C2_D3_C,NO2,0.498948367,umol/L,dissolved,nutrients,nitrite,5,2,12,S5_C2_D3,2022-06-07T01:00:00Z
S5_C2_D3_C,NH4,1.393321385,umol/L,dissolved,nutrients,ammonium,5,2,12,S5_C2_D3,2022-06-07T01:00:00Z
S5_C1_D2_A,PO4,1.968235671,umol/L,dissolved,nutrients,phosphate,5,1,30,S5_C1_D2,2022-06-06T23:00:00Z
S5_C1_D2_A,Si(OH)4,28.49197951,umol/L,dissolved,nutrients,silicate,5,1,30,S5_C1_D2,2022-06-06T23:00:00Z
S5_C1_D2_A,NO3,22.00674656,umol/L,dissolved,nutrients,nitrate,5,1,30,S5_C1_D2,2022-06-06T23:00:00Z
S5_C1_D2_A,NO2,0.540213151,umol/L,dissolved,nutrients,nitrite,5,1,30,S5_C1_D2,2022-06-06T23:00:00Z
S5_C1_D2_A,NH4,1.475802504,umol/L,dissolved,nutrients,ammonium,5,1,30,S5_C1_D2,2022-06-06T23:00:00Z
S5_C1_D2_B,PO4,1.963200126,umol/L,dissolved,nutrients,phosphate,5,1,30,S5_C1_D2,2022-06-06T23:00:00Z
S5_C1_D2_B,Si(OH)4,34.56746613,umol/L,dissolved,nutrients,silicate,5,1,30,S5_C1_D2,2022-06-06T23:00:00Z
S5_C1_D2_B,NO3,22.28452685,umol/L,dissolved,nutrients,nitrate,5,1,30,S5_C1_D2,2022-06-06T23:00:00Z
S5_C1_D2_B,NO2,0.542693328,umol/L,dissolved,nutrients,nitrite,5,1,30,S5_C1_D2,2022-06-06T23:00:00Z
S5_C1_D2_B,NH4,1.549830195,umol/L,dissolved,nutrients,ammonium,5,1,30,S5_C1_D2,2022-06-06T23:00:00Z
S5_C1_D2_C,PO4,1.977357827,umol/L,dissolved,nutrients,phosphate,5,1,30,S5_C1_D2,2022-06-06T23:00:00Z
S5_C1_D2_C,Si(OH)4,33.5162176,umol/L,dissolved,nutrients,silicate,5,1,30,S5_C1_D2,2022-06-06T23:00:00Z
S5_C1_D2_C,NO3,22.50280441,umol/L,dissolved,nutrients,nitrate,5,1,30,S5_C1_D2,2022-06-06T23:00:00Z
S5_C1_D2_C,NO2,0.545243309,umol/L,dissolved,nutrients,nitrite,5,1,30,S5_C1_D2,2022-06-06T23:00:00Z
S5_C1_D2_C,NH4,1.494056978,umol/L,dissolved,nutrients,ammonium,5,1,30,S5_C1_D2,2022-06-06T23:00:00Z
S5_C1_D1_A,PO4,2.11394704,umol/L,dissolved,nutrients,phosphate,5,1,120,S5_C1_D1,2022-06-06T23:00:00Z
S5_C1_D1_A,Si(OH)4,36.31079743,umol/L,dissolved,nutrients,silicate,5,1,120,S5_C1_D1,2022-06-06T23:00:00Z
S5_C1_D1_A,NO3,25.63052082,umol/L,dissolved,nutrients,nitrate,5,1,120,S5_C1_D1,2022-06-06T23:00:00Z
S5_C1_D1_A,NO2,0.47472146,umol/L,dissolved,nutrients,nitrite,5,1,120,S5_C1_D1,2022-06-06T23:00:00Z
S5_C1_D1_A,NH4,1.028055946,umol/L,dissolved,nutrients,ammonium,5,1,120,S5_C1_D1,2022-06-06T23:00:00Z
S5_C1_D1_B,PO4,2.126501809,umol/L,dissolved,nutrients,phosphate,5,1,120,S5_C1_D1,2022-06-06T23:00:00Z
S5_C1_D1_B,Si(OH)4,35.32079111,umol/L,dissolved,nutrients,silicate,5,1,120,S5_C1_D1,2022-06-06T23:00:00Z
S5_C1_D1_B,NO3,25.71706689,umol/L,dissolved,nutrients,nitrate,5,1,120,S5_C1_D1,2022-06-06T23:00:00Z
S5_C1_D1_B,NO2,0.474104782,umol/L,dissolved,nutrients,nitrite,5,1,120,S5_C1_D1,2022-06-06T23:00:00Z
S5_C1_D1_B,NH4,1.047164866,umol/L,dissolved,nutrients,ammonium,5,1,120,S5_C1_D1,2022-06-06T23:00:00Z
S5_C1_D1_C,PO4,2.136547358,umol/L,dissolved,nutrients,phosphate,5,1,120,S5_C1_D1,2022-06-06T23:00:00Z
S5_C1_D1_C,Si(OH)4,35.40956304,umol/L,dissolved,nutrients,silicate,5,1,120,S5_C1_D1,2022-06-06T23:00:00Z
S5_C1_D1_C,NO3,25.92184621,umol/L,dissolved,nutrients,nitrate,5,1,120,S5_C1_D1,2022-06-06T23:00:00Z
S5_C1_D1_C,NO2,0.478569875,umol/L,dissolved,nutrients,nitrite,5,1,120,S5_C1_D1,2022-06-06T23:00:00Z
S5_C1_D1_C,NH4,2.170075837,umol/L,dissolved,nutrients,ammonium,5,1,120,S5_C1_D1,2022-06-06T23:00:00Z