Protein Name,Replicate Name,Precursor Ion Name,Retention Time,Area,Background,Height,Mass Error PPM,Protein,Precursor Mz,Product Mz
molecules1,230607_Std_0nM_Homarine_UKH5_1,Trimethylamine N-oxide,5.74,2294819,1261016,84507,#N/A,molecules1,76.1557,58.9602
molecules1,230607_Std_0nM_Homarine_UKH5_2,Trimethylamine N-oxide,5.77,1708793,724557,59757,#N/A,molecules1,76.1557,58.9602
molecules1,230607_Std_50nM_Homarine_UKH5_1,Trimethylamine N-oxide,5.74,2399098,1001401,85389,#N/A,molecules1,76.1557,58.9602
molecules1,230607_Std_50nM_Homarine_UKH5_2,Trimethylamine N-oxide,5.71,1536052,702215,54615,#N/A,molecules1,76.1557,58.9602
molecules1,230607_Std_100nM_Homarine_UKH5_1,Trimethylamine N-oxide,5.73,2418129,1015660,83269,#N/A,molecules1,76.1557,58.9602
molecules1,230607_Std_100nM_Homarine_UKH5_2,Trimethylamine N-oxide,5.71,1870860,740213,64070,#N/A,molecules1,76.1557,58.9602
molecules1,230607_Std_200nM_Homarine_UKH5_1,Trimethylamine N-oxide,5.74,2319031,708252,82136,#N/A,molecules1,76.1557,58.9602
molecules1,230607_Std_200nM_Homarine_UKH5_2,Trimethylamine N-oxide,5.71,1653763,888292,63021,#N/A,molecules1,76.1557,58.9602
molecules1,230607_Poo_UKH5_Full1,Trimethylamine N-oxide,7.06,37622576,1217739,1693255,#N/A,molecules1,76.1557,58.9602
molecules1,230607_Poo_UKH5_Full2,Trimethylamine N-oxide,7.04,29758420,2762867,1390758,#N/A,molecules1,76.1557,58.9602
molecules1,230607_Poo_UKH5_Full3,Trimethylamine N-oxide,7.03,29144666,1808355,1291476,#N/A,molecules1,76.1557,58.9602
molecules1,230607_Smp_TN397_UKH5_2nM_A,Trimethylamine N-oxide,7.04,38594888,1685745,1624242,#N/A,molecules1,76.1557,58.9602
molecules1,230607_Smp_TN397_UKH5_2nM_B,Trimethylamine N-oxide,7.03,18455220,1151197,858158,#N/A,molecules1,76.1557,58.9602
molecules1,230607_Smp_TN397_UKH5_2nM_C,Trimethylamine N-oxide,5.72,1502962,721109,54927,#N/A,molecules1,76.1557,58.9602
molecules1,230607_Smp_TN397_UKH5_5nM_A,Trimethylamine N-oxide,7.02,27288102,925019,1236018,#N/A,molecules1,76.1557,58.9602
molecules1,230607_Smp_TN397_UKH5_5nM_B,Trimethylamine N-oxide,7.04,38768832,1671675,1623652,#N/A,molecules1,76.1557,58.9602
molecules1,230607_Smp_TN397_UKH5_5nM_C,Trimethylamine N-oxide,7.04,39269436,1637792,1755962,#N/A,molecules1,76.1557,58.9602
molecules1,230607_Smp_TN397_UKH5_10nM_A,Trimethylamine N-oxide,7.02,32803210,4891363,1508028,#N/A,molecules1,76.1557,58.9602
molecules1,230607_Smp_TN397_UKH5_10nM_B,Trimethylamine N-oxide,5.74,1858961,634624,70535,#N/A,molecules1,76.1557,58.9602
molecules1,230607_Smp_TN397_UKH5_10nM_Blk,Trimethylamine N-oxide,7.04,1053289,666280,32417,#N/A,molecules1,76.1557,58.9602
molecules1,230607_Smp_TN397_UKH5_10nM_C,Trimethylamine N-oxide,5.71,1327974,872163,55452,#N/A,molecules1,76.1557,58.9602
molecules1,230607_Smp_TN397_UKH5_50nM_A,Trimethylamine N-oxide,7.01,32894756,5238373,1560325,#N/A,molecules1,76.1557,58.9602
molecules1,230607_Smp_TN397_UKH5_50nM_B,Trimethylamine N-oxide,5.71,2162420,674277,76291,#N/A,molecules1,76.1557,58.9602
molecules1,230607_Smp_TN397_UKH5_50nM_C,Trimethylamine N-oxide,5.74,2543984,968416,89190,#N/A,molecules1,76.1557,58.9602
molecules1,230607_Smp_TN397_UKH5_200nM_A,Trimethylamine N-oxide,5.77,2079856,726662,79430,#N/A,molecules1,76.1557,58.9602
molecules1,230607_Smp_TN397_UKH5_200nM_B,Trimethylamine N-oxide,7.06,36676772,1075067,1680199,#N/A,molecules1,76.1557,58.9602
molecules1,230607_Smp_TN397_UKH5_200nM_Blk,Trimethylamine N-oxide,8.84,39081,46558,5959,#N/A,molecules1,76.1557,58.9602
molecules1,230607_Smp_TN397_UKH5_200nM_C,Trimethylamine N-oxide,5.73,2592900,872668,89020,#N/A,molecules1,76.1557,58.9602
molecules1,230607_Smp_TN397_UKH5_1000nM_A,Trimethylamine N-oxide,7.04,54663604,2429174,2325395,#N/A,molecules1,76.1557,58.9602
molecules1,230607_Smp_TN397_UKH5_1000nM_B,Trimethylamine N-oxide,5.77,3749055,911661,121224,#N/A,molecules1,76.1557,58.9602
molecules1,230607_Smp_TN397_UKH5_1000nM_C,Trimethylamine N-oxide,5.73,3639994,936085,119516,#N/A,molecules1,76.1557,58.9602
molecules1,230607_Smp_TN397_UKH5_OnM_A,Trimethylamine N-oxide,7.06,56285616,1842922,2389900,#N/A,molecules1,76.1557,58.9602
molecules1,230607_Smp_TN397_UKH5_OnM_B,Trimethylamine N-oxide,5.77,1975993,875360,72278,#N/A,molecules1,76.1557,58.9602
molecules1,230607_Smp_TN397_UKH5_OnM_C,Trimethylamine N-oxide,7.06,36079848,931951,1650234,#N/A,molecules1,76.1557,58.9602
molecules1,230607_Std_0nM_Homarine_UKH5_1,Trimethylamine N-oxide,5.73,2591584,34978,93018,#N/A,molecules1,76.1557,42.276
molecules1,230607_Std_0nM_Homarine_UKH5_2,Trimethylamine N-oxide,5.73,1695138,29313,63123,#N/A,molecules1,76.1557,42.276
molecules1,230607_Std_50nM_Homarine_UKH5_1,Trimethylamine N-oxide,5.74,2407924,35786,87061,#N/A,molecules1,76.1557,42.276
molecules1,230607_Std_50nM_Homarine_UKH5_2,Trimethylamine N-oxide,5.71,1557914,27938,59051,#N/A,molecules1,76.1557,42.276
molecules1,230607_Std_100nM_Homarine_UKH5_1,Trimethylamine N-oxide,5.77,2433049,36603,87573,#N/A,molecules1,76.1557,42.276
molecules1,230607_Std_100nM_Homarine_UKH5_2,Trimethylamine N-oxide,5.73,1851595,28836,67892,#N/A,molecules1,76.1557,42.276
molecules1,230607_Std_200nM_Homarine_UKH5_1,Trimethylamine N-oxide,5.74,2326973,38660,86536,#N/A,molecules1,76.1557,42.276
molecules1,230607_Std_200nM_Homarine_UKH5_2,Trimethylamine N-oxide,5.72,1867621,26808,68490,#N/A,molecules1,76.1557,42.276
molecules1,230607_Poo_UKH5_Full1,Trimethylamine N-oxide,7.02,572790,308629,35763,#N/A,molecules1,76.1557,42.276
molecules1,230607_Poo_UKH5_Full2,Trimethylamine N-oxide,7.04,606869,120956,26833,#N/A,molecules1,76.1557,42.276
molecules1,230607_Poo_UKH5_Full3,Trimethylamine N-oxide,7.02,602278,118847,31781,#N/A,molecules1,76.1557,42.276
molecules1,230607_Smp_TN397_UKH5_2nM_A,Trimethylamine N-oxide,7.06,921246,232745,37382,#N/A,molecules1,76.1557,42.276
molecules1,230607_Smp_TN397_UKH5_2nM_B,Trimethylamine N-oxide,7.02,385320,90750,18873,#N/A,molecules1,76.1557,42.276
molecules1,230607_Smp_TN397_UKH5_2nM_C,Trimethylamine N-oxide,5.73,1519610,21243,57506,#N/A,molecules1,76.1557,42.276
molecules1,230607_Smp_TN397_UKH5_5nM_A,Trimethylamine N-oxide,7.06,492536,166818,25839,#N/A,molecules1,76.1557,42.276
molecules1,230607_Smp_TN397_UKH5_5nM_B,Trimethylamine N-oxide,7.06,902890,295213,35060,#N/A,molecules1,76.1557,42.276
molecules1,230607_Smp_TN397_UKH5_5nM_C,Trimethylamine N-oxide,7.06,735470,143190,43122,#N/A,molecules1,76.1557,42.276
molecules1,230607_Smp_TN397_UKH5_10nM_A,Trimethylamine N-oxide,7.09,719418,109309,33088,#N/A,molecules1,76.1557,42.276
molecules1,230607_Smp_TN397_UKH5_10nM_B,Trimethylamine N-oxide,5.77,1909903,134260,73515,#N/A,molecules1,76.1557,42.276
molecules1,230607_Smp_TN397_UKH5_10nM_Blk,Trimethylamine N-oxide,7.06,26375,11204,1547,#N/A,molecules1,76.1557,42.276
molecules1,230607_Smp_TN397_UKH5_10nM_C,Trimethylamine N-oxide,5.73,1560658,26763,61554,#N/A,molecules1,76.1557,42.276
molecules1,230607_Smp_TN397_UKH5_50nM_A,Trimethylamine N-oxide,7.06,752728,112591,32675,#N/A,molecules1,76.1557,42.276
molecules1,230607_Smp_TN397_UKH5_50nM_B,Trimethylamine N-oxide,5.72,2167752,34350,79753,#N/A,molecules1,76.1557,42.276
molecules1,230607_Smp_TN397_UKH5_50nM_C,Trimethylamine N-oxide,5.74,2746611,32978,96134,#N/A,molecules1,76.1557,42.276
molecules1,230607_Smp_TN397_UKH5_200nM_A,Trimethylamine N-oxide,5.77,2280800,270802,89706,#N/A,molecules1,76.1557,42.276
molecules1,230607_Smp_TN397_UKH5_200nM_B,Trimethylamine N-oxide,7.09,628729,236933,34317,#N/A,molecules1,76.1557,42.276
molecules1,230607_Smp_TN397_UKH5_200nM_Blk,Trimethylamine N-oxide,8.87,1093,874,190,#N/A,molecules1,76.1557,42.276
molecules1,230607_Smp_TN397_UKH5_200nM_C,Trimethylamine N-oxide,5.77,2718613,37497,94290,#N/A,molecules1,76.1557,42.276
molecules1,230607_Smp_TN397_UKH5_1000nM_A,Trimethylamine N-oxide,7.02,1126872,478098,47586,#N/A,molecules1,76.1557,42.276
molecules1,230607_Smp_TN397_UKH5_1000nM_B,Trimethylamine N-oxide,5.75,4009511,46801,131546,#N/A,molecules1,76.1557,42.276
molecules1,230607_Smp_TN397_UKH5_1000nM_C,Trimethylamine N-oxide,5.77,3962850,44445,130493,#N/A,molecules1,76.1557,42.276
molecules1,230607_Smp_TN397_UKH5_OnM_A,Trimethylamine N-oxide,7.06,1241017,273023,49636,#N/A,molecules1,76.1557,42.276
molecules1,230607_Smp_TN397_UKH5_OnM_B,Trimethylamine N-oxide,5.77,2020363,33044,74461,#N/A,molecules1,76.1557,42.276
molecules1,230607_Smp_TN397_UKH5_OnM_C,Trimethylamine N-oxide,7.11,625643,214698,32586,#N/A,molecules1,76.1557,42.276
molecules1,230607_Std_0nM_Homarine_UKH5_1,Proline,9.21,260141056,11685122,15304042,#N/A,molecules1,116.085,70.1022
molecules1,230607_Std_0nM_Homarine_UKH5_2,Proline,9.23,248229184,9380182,14520610,#N/A,molecules1,116.085,70.1022
molecules1,230607_Std_50nM_Homarine_UKH5_1,Proline,9.23,263964192,11658135,15846497,#N/A,molecules1,116.085,70.1022
molecules1,230607_Std_50nM_Homarine_UKH5_2,Proline,9.23,243968016,11031478,13703768,#N/A,molecules1,116.085,70.1022
molecules1,230607_Std_100nM_Homarine_UKH5_1,Proline,9.2,282050688,14145009,16593862,#N/A,molecules1,116.085,70.1022
molecules1,230607_Std_100nM_Homarine_UKH5_2,Proline,9.23,261682128,12886377,15113810,#N/A,molecules1,116.085,70.1022
molecules1,230607_Std_200nM_Homarine_UKH5_1,Proline,9.23,275028320,9787223,16447425,#N/A,molecules1,116.085,70.1022
molecules1,230607_Std_200nM_Homarine_UKH5_2,Proline,9.23,259908704,10048031,15164445,#N/A,molecules1,116.085,70.1022
molecules1,230607_Poo_UKH5_Full1,Proline,9.24,295662976,13158598,17854938,#N/A,molecules1,116.085,70.1022
molecules1,230607_Poo_UKH5_Full2,Proline,9.23,254408144,12859779,15414553,#N/A,molecules1,116.085,70.1022
molecules1,230607_Poo_UKH5_Full3,Proline,9.23,255643728,9702911,14468376,#N/A,molecules1,116.085,70.1022
molecules1,230607_Smp_TN397_UKH5_2nM_A,Proline,9.24,203797408,11187442,11687167,#N/A,molecules1,116.085,70.1022
molecules1,230607_Smp_TN397_UKH5_2nM_B,Proline,9.24,155402352,7894359,8891481,#N/A,molecules1,116.085,70.1022
molecules1,230607_Smp_TN397_UKH5_2nM_C,Proline,9.21,165805520,9863139,9826727,#N/A,molecules1,116.085,70.1022
molecules1,230607_Smp_TN397_UKH5_5nM_A,Proline,9.24,286555136,8988253,16705021,#N/A,molecules1,116.085,70.1022
molecules1,230607_Smp_TN397_UKH5_5nM_B,Proline,9.24,292872128,12610396,18154366,#N/A,molecules1,116.085,70.1022
molecules1,230607_Smp_TN397_UKH5_5nM_C,Proline,9.24,288793376,12686428,17114014,#N/A,molecules1,116.085,70.1022
molecules1,230607_Smp_TN397_UKH5_10nM_A,Proline,9.24,264944560,12462622,15246520,#N/A,molecules1,116.085,70.1022
molecules1,230607_Smp_TN397_UKH5_10nM_B,Proline,9.24,234562288,11965136,13237737,#N/A,molecules1,116.085,70.1022
molecules1,230607_Smp_TN397_UKH5_10nM_Blk,Proline,9.23,11502526,2934384,533460,#N/A,molecules1,116.085,70.1022
molecules1,230607_Smp_TN397_UKH5_10nM_C,Proline,9.24,222798976,10703742,13395849,#N/A,molecules1,116.085,70.1022
molecules1,230607_Smp_TN397_UKH5_50nM_A,Proline,9.23,352452320,13625604,20410432,#N/A,molecules1,116.085,70.1022
molecules1,230607_Smp_TN397_UKH5_50nM_B,Proline,9.2,236926336,10678943,13967207,#N/A,molecules1,116.085,70.1022
molecules1,230607_Smp_TN397_UKH5_50nM_C,Proline,9.23,353222560,11162440,20060308,#N/A,molecules1,116.085,70.1022
molecules1,230607_Smp_TN397_UKH5_200nM_A,Proline,9.24,300357664,9592822,17778760,#N/A,molecules1,116.085,70.1022
molecules1,230607_Smp_TN397_UKH5_200nM_B,Proline,9.24,289092320,13271801,17534424,#N/A,molecules1,116.085,70.1022
molecules1,230607_Smp_TN397_UKH5_200nM_Blk,Proline,9.24,13786699,2788164,700465,#N/A,molecules1,116.085,70.1022
molecules1,230607_Smp_TN397_UKH5_200nM_C,Proline,9.24,301659840,11692591,17552538,#N/A,molecules1,116.085,70.1022
molecules1,230607_Smp_TN397_UKH5_1000nM_A,Proline,9.23,379239040,13732217,21718342,#N/A,molecules1,116.085,70.1022
molecules1,230607_Smp_TN397_UKH5_1000nM_B,Proline,9.24,359451104,14336886,21663998,#N/A,molecules1,116.085,70.1022
molecules1,230607_Smp_TN397_UKH5_1000nM_C,Proline,9.23,277370688,10795138,16316963,#N/A,molecules1,116.085,70.1022
molecules1,230607_Smp_TN397_UKH5_OnM_A,Proline,9.24,259046896,10507114,15309860,#N/A,molecules1,116.085,70.1022
molecules1,230607_Smp_TN397_UKH5_OnM_B,Proline,9.24,280821024,13922712,16548543,#N/A,molecules1,116.085,70.1022
molecules1,230607_Smp_TN397_UKH5_OnM_C,Proline,9.24,245721568,12246218,14572752,#N/A,molecules1,116.085,70.1022
molecules1,230607_Std_0nM_Homarine_UKH5_1,Proline,9.2,2024179,453586,120939,#N/A,molecules1,116.085,43.1588
molecules1,230607_Std_0nM_Homarine_UKH5_2,Proline,9.24,1993691,293989,114516,#N/A,molecules1,116.085,43.1588
molecules1,230607_Std_50nM_Homarine_UKH5_1,Proline,9.23,2323162,344123,133836,#N/A,molecules1,116.085,43.1588
molecules1,230607_Std_50nM_Homarine_UKH5_2,Proline,9.24,1762294,429482,107378,#N/A,molecules1,116.085,43.1588
molecules1,230607_Std_100nM_Homarine_UKH5_1,Proline,9.24,2310193,424563,118810,#N/A,molecules1,116.085,43.1588
molecules1,230607_Std_100nM_Homarine_UKH5_2,Proline,9.2,2247127,231408,110766,#N/A,molecules1,116.085,43.1588
molecules1,230607_Std_200nM_Homarine_UKH5_1,Proline,9.26,2256539,289591,119325,#N/A,molecules1,116.085,43.1588
molecules1,230607_Std_200nM_Homarine_UKH5_2,Proline,9.23,2095118,327500,121625,#N/A,molecules1,116.085,43.1588
molecules1,230607_Poo_UKH5_Full1,Proline,9.24,2463930,391751,145403,#N/A,molecules1,116.085,43.1588
molecules1,230607_Poo_UKH5_Full2,Proline,9.23,1942279,515144,113819,#N/A,molecules1,116.085,43.1588
molecules1,230607_Poo_UKH5_Full3,Proline,9.24,2216938,234650,129192,#N/A,molecules1,116.085,43.1588
molecules1,230607_Smp_TN397_UKH5_2nM_A,Proline,9.24,1703387,392216,99769,#N/A,molecules1,116.085,43.1588
molecules1,230607_Smp_TN397_UKH5_2nM_B,Proline,9.24,1416031,250439,70636,#N/A,molecules1,116.085,43.1588
molecules1,230607_Smp_TN397_UKH5_2nM_C,Proline,9.21,1432613,281609,78391,#N/A,molecules1,116.085,43.1588
molecules1,230607_Smp_TN397_UKH5_5nM_A,Proline,9.2,2410323,240419,129566,#N/A,molecules1,116.085,43.1588
molecules1,230607_Smp_TN397_UKH5_5nM_B,Proline,9.21,2350757,415326,131342,#N/A,molecules1,116.085,43.1588
molecules1,230607_Smp_TN397_UKH5_5nM_C,Proline,9.23,2482918,309087,139326,#N/A,molecules1,116.085,43.1588
molecules1,230607_Smp_TN397_UKH5_10nM_A,Proline,9.26,2106779,490004,121215,#N/A,molecules1,116.085,43.1588
molecules1,230607_Smp_TN397_UKH5_10nM_B,Proline,9.2,1873602,370052,95480,#N/A,molecules1,116.085,43.1588
molecules1,230607_Smp_TN397_UKH5_10nM_Blk,Proline,9.2,202739,174973,9368,#N/A,molecules1,116.085,43.1588
molecules1,230607_Smp_TN397_UKH5_10nM_C,Proline,9.2,1771505,395593,96935,#N/A,molecules1,116.085,43.1588
molecules1,230607_Smp_TN397_UKH5_50nM_A,Proline,9.21,2823418,400750,163605,#N/A,molecules1,116.085,43.1588
molecules1,230607_Smp_TN397_UKH5_50nM_B,Proline,9.21,2122982,242439,122791,#N/A,molecules1,116.085,43.1588
molecules1,230607_Smp_TN397_UKH5_50nM_C,Proline,9.21,3050308,320290,164983,#N/A,molecules1,116.085,43.1588
molecules1,230607_Smp_TN397_UKH5_200nM_A,Proline,9.24,2411867,317590,140474,#N/A,molecules1,116.085,43.1588
molecules1,230607_Smp_TN397_UKH5_200nM_B,Proline,9.24,2271744,374984,132502,#N/A,molecules1,116.085,43.1588
molecules1,230607_Smp_TN397_UKH5_200nM_Blk,Proline,9.32,135803,213988,5687,#N/A,molecules1,116.085,43.1588
molecules1,230607_Smp_TN397_UKH5_200nM_C,Proline,9.24,2494724,385223,147032,#N/A,molecules1,116.085,43.1588
molecules1,230607_Smp_TN397_UKH5_1000nM_A,Proline,9.26,3182475,277074,173855,#N/A,molecules1,116.085,43.1588
molecules1,230607_Smp_TN397_UKH5_1000nM_B,Proline,9.27,2842471,469488,165008,#N/A,molecules1,116.085,43.1588
molecules1,230607_Smp_TN397_UKH5_1000nM_C,Proline,9.24,2353721,277157,126862,#N/A,molecules1,116.085,43.1588
molecules1,230607_Smp_TN397_UKH5_OnM_A,Proline,9.26,2234332,335800,128647,#N/A,molecules1,116.085,43.1588
molecules1,230607_Smp_TN397_UKH5_OnM_B,Proline,9.26,2293528,365571,131187,#N/A,molecules1,116.085,43.1588
molecules1,230607_Smp_TN397_UKH5_OnM_C,Proline,9.23,2172705,329830,118621,#N/A,molecules1,116.085,43.1588
molecules1,230607_Std_0nM_Homarine_UKH5_1,Glycine betaine,7.5,5320011776,531535552,130809424,#N/A,molecules1,118.0881,58.9328
molecules1,230607_Std_0nM_Homarine_UKH5_2,Glycine betaine,7.54,4459100672,428367968,129477432,#N/A,molecules1,118.0881,58.9328
molecules1,230607_Std_50nM_Homarine_UKH5_1,Glycine betaine,7.51,4778032128,473645344,129217200,#N/A,molecules1,118.0881,58.9328
molecules1,230607_Std_50nM_Homarine_UKH5_2,Glycine betaine,7.59,4486899200,443950720,129734808,#N/A,molecules1,118.0881,58.9328
molecules1,230607_Std_100nM_Homarine_UKH5_1,Glycine betaine,7.51,4798594048,492587744,129159616,#N/A,molecules1,118.0881,58.9328
molecules1,230607_Std_100nM_Homarine_UKH5_2,Glycine betaine,7.56,4535212544,445673504,129321656,#N/A,molecules1,118.0881,58.9328
molecules1,230607_Std_200nM_Homarine_UKH5_1,Glycine betaine,7.51,4686007296,485075168,129097552,#N/A,molecules1,118.0881,58.9328
molecules1,230607_Std_200nM_Homarine_UKH5_2,Glycine betaine,7.56,4401010688,417556160,129198352,#N/A,molecules1,118.0881,58.9328
molecules1,230607_Poo_UKH5_Full1,Glycine betaine,7.51,5369233920,541229888,130842128,#N/A,molecules1,118.0881,58.9328
molecules1,230607_Poo_UKH5_Full2,Glycine betaine,7.54,4891569664,458663424,129328584,#N/A,molecules1,118.0881,58.9328
molecules1,230607_Poo_UKH5_Full3,Glycine betaine,7.54,4741911040,404512832,129688688,#N/A,molecules1,118.0881,58.9328
molecules1,230607_Smp_TN397_UKH5_2nM_A,Glycine betaine,7.57,4801395712,457989696,129425040,#N/A,molecules1,118.0881,58.9328
molecules1,230607_Smp_TN397_UKH5_2nM_B,Glycine betaine,7.59,4146414848,449528544,128843832,#N/A,molecules1,118.0881,58.9328
molecules1,230607_Smp_TN397_UKH5_2nM_C,Glycine betaine,7.56,4082222336,453463808,128625576,#N/A,molecules1,118.0881,58.9328
molecules1,230607_Smp_TN397_UKH5_5nM_A,Glycine betaine,7.5,5694291968,465392192,131384712,#N/A,molecules1,118.0881,58.9328
molecules1,230607_Smp_TN397_UKH5_5nM_B,Glycine betaine,7.54,5558051328,535674016,130912168,#N/A,molecules1,118.0881,58.9328
molecules1,230607_Smp_TN397_UKH5_5nM_C,Glycine betaine,7.51,5791666176,533569760,130924960,#N/A,molecules1,118.0881,58.9328
molecules1,230607_Smp_TN397_UKH5_10nM_A,Glycine betaine,7.51,5418299392,494094944,131213024,#N/A,molecules1,118.0881,58.9328
molecules1,230607_Smp_TN397_UKH5_10nM_B,Glycine betaine,7.54,5406076928,495354016,131157272,#N/A,molecules1,118.0881,58.9328
molecules1,230607_Smp_TN397_UKH5_10nM_Blk,Glycine betaine,7.56,440344256,365301440,14799598,#N/A,molecules1,118.0881,58.9328
molecules1,230607_Smp_TN397_UKH5_10nM_C,Glycine betaine,7.56,4725625856,512039168,130737336,#N/A,molecules1,118.0881,58.9328
molecules1,230607_Smp_TN397_UKH5_50nM_A,Glycine betaine,7.51,5558923776,499645952,131046240,#N/A,molecules1,118.0881,58.9328
molecules1,230607_Smp_TN397_UKH5_50nM_B,Glycine betaine,7.51,5136373248,484398880,131089920,#N/A,molecules1,118.0881,58.9328
molecules1,230607_Smp_TN397_UKH5_50nM_C,Glycine betaine,7.51,5790341120,527722368,131028760,#N/A,molecules1,118.0881,58.9328
molecules1,230607_Smp_TN397_UKH5_200nM_A,Glycine betaine,7.57,5283742208,528620960,130846720,#N/A,molecules1,118.0881,58.9328
molecules1,230607_Smp_TN397_UKH5_200nM_B,Glycine betaine,7.54,5379256320,520291904,130953248,#N/A,molecules1,118.0881,58.9328
molecules1,230607_Smp_TN397_UKH5_200nM_Blk,Glycine betaine,8.87,311678560,298040768,3988171,#N/A,molecules1,118.0881,58.9328
molecules1,230607_Smp_TN397_UKH5_200nM_C,Glycine betaine,7.54,5292831744,520989408,130912864,#N/A,molecules1,118.0881,58.9328
molecules1,230607_Smp_TN397_UKH5_1000nM_A,Glycine betaine,7.51,5591819776,474472128,131330400,#N/A,molecules1,118.0881,58.9328
molecules1,230607_Smp_TN397_UKH5_1000nM_B,Glycine betaine,7.54,5651908608,511344352,131158232,#N/A,molecules1,118.0881,58.9328
molecules1,230607_Smp_TN397_UKH5_1000nM_C,Glycine betaine,7.54,5525370368,497853888,131190632,#N/A,molecules1,118.0881,58.9328
molecules1,230607_Smp_TN397_UKH5_OnM_A,Glycine betaine,7.51,5777560064,516219424,130924648,#N/A,molecules1,118.0881,58.9328
molecules1,230607_Smp_TN397_UKH5_OnM_B,Glycine betaine,7.54,5119607296,539569984,130852328,#N/A,molecules1,118.0881,58.9328
molecules1,230607_Smp_TN397_UKH5_OnM_C,Glycine betaine,7.51,5799223808,511091392,130956880,#N/A,molecules1,118.0881,58.9328
molecules1,230607_Std_0nM_Homarine_UKH5_1,Glycine betaine,7.59,63885080,5061667,2573976,#N/A,molecules1,118.0881,42.2168
molecules1,230607_Std_0nM_Homarine_UKH5_2,Glycine betaine,7.56,48595908,3766635,2067778,#N/A,molecules1,118.0881,42.2168
molecules1,230607_Std_50nM_Homarine_UKH5_1,Glycine betaine,7.59,58178560,4716875,2534318,#N/A,molecules1,118.0881,42.2168
molecules1,230607_Std_50nM_Homarine_UKH5_2,Glycine betaine,7.56,42422980,3423518,1796433,#N/A,molecules1,118.0881,42.2168
molecules1,230607_Std_100nM_Homarine_UKH5_1,Glycine betaine,7.59,58213840,4683870,2508763,#N/A,molecules1,118.0881,42.2168
molecules1,230607_Std_100nM_Homarine_UKH5_2,Glycine betaine,7.54,50077036,4028867,2088260,#N/A,molecules1,118.0881,42.2168
molecules1,230607_Std_200nM_Homarine_UKH5_1,Glycine betaine,7.59,55226044,5215329,2402219,#N/A,molecules1,118.0881,42.2168
molecules1,230607_Std_200nM_Homarine_UKH5_2,Glycine betaine,7.57,47576992,4193765,2020387,#N/A,molecules1,118.0881,42.2168
molecules1,230607_Poo_UKH5_Full1,Glycine betaine,7.59,66918852,4699080,2807788,#N/A,molecules1,118.0881,42.2168
molecules1,230607_Poo_UKH5_Full2,Glycine betaine,7.59,60953152,3962970,2605478,#N/A,molecules1,118.0881,42.2168
molecules1,230607_Poo_UKH5_Full3,Glycine betaine,7.56,56417232,3505135,2398769,#N/A,molecules1,118.0881,42.2168
molecules1,230607_Smp_TN397_UKH5_2nM_A,Glycine betaine,7.6,57547556,4197212,2416438,#N/A,molecules1,118.0881,42.2168
molecules1,230607_Smp_TN397_UKH5_2nM_B,Glycine betaine,7.59,42824852,4256617,1862284,#N/A,molecules1,118.0881,42.2168
molecules1,230607_Smp_TN397_UKH5_2nM_C,Glycine betaine,7.54,41726408,4260265,1759765,#N/A,molecules1,118.0881,42.2168
molecules1,230607_Smp_TN397_UKH5_5nM_A,Glycine betaine,7.59,76369168,4069740,3130225,#N/A,molecules1,118.0881,42.2168
molecules1,230607_Smp_TN397_UKH5_5nM_B,Glycine betaine,7.59,70228952,3813557,2782187,#N/A,molecules1,118.0881,42.2168
molecules1,230607_Smp_TN397_UKH5_5nM_C,Glycine betaine,7.6,77103552,4264815,2989331,#N/A,molecules1,118.0881,42.2168
molecules1,230607_Smp_TN397_UKH5_10nM_A,Glycine betaine,7.59,65126192,4458527,2590429,#N/A,molecules1,118.0881,42.2168
molecules1,230607_Smp_TN397_UKH5_10nM_B,Glycine betaine,7.57,65439224,3483530,2534472,#N/A,molecules1,118.0881,42.2168
molecules1,230607_Smp_TN397_UKH5_10nM_Blk,Glycine betaine,7.56,3522543,2735520,128480,#N/A,molecules1,118.0881,42.2168
molecules1,230607_Smp_TN397_UKH5_10nM_C,Glycine betaine,7.59,51666460,4289632,2091785,#N/A,molecules1,118.0881,42.2168
molecules1,230607_Smp_TN397_UKH5_50nM_A,Glycine betaine,7.56,71508584,4151087,2899455,#N/A,molecules1,118.0881,42.2168
molecules1,230607_Smp_TN397_UKH5_50nM_B,Glycine betaine,7.56,61601300,3519892,2538319,#N/A,molecules1,118.0881,42.2168
molecules1,230607_Smp_TN397_UKH5_50nM_C,Glycine betaine,7.59,76819248,4185788,3053872,#N/A,molecules1,118.0881,42.2168
molecules1,230607_Smp_TN397_UKH5_200nM_A,Glycine betaine,7.59,62874052,4443149,2516797,#N/A,molecules1,118.0881,42.2168
molecules1,230607_Smp_TN397_UKH5_200nM_B,Glycine betaine,7.59,64659792,4892167,2601244,#N/A,molecules1,118.0881,42.2168
molecules1,230607_Smp_TN397_UKH5_200nM_Blk,Glycine betaine,8.6,2245988,2483396,32408,#N/A,molecules1,118.0881,42.2168
molecules1,230607_Smp_TN397_UKH5_200nM_C,Glycine betaine,7.59,62740288,4381669,2518859,#N/A,molecules1,118.0881,42.2168
molecules1,230607_Smp_TN397_UKH5_1000nM_A,Glycine betaine,7.59,69048408,4503755,2720238,#N/A,molecules1,118.0881,42.2168
molecules1,230607_Smp_TN397_UKH5_1000nM_B,Glycine betaine,7.59,70784888,4166969,2819057,#N/A,molecules1,118.0881,42.2168
molecules1,230607_Smp_TN397_UKH5_1000nM_C,Glycine betaine,7.59,68414944,4342412,2716526,#N/A,molecules1,118.0881,42.2168
molecules1,230607_Smp_TN397_UKH5_OnM_A,Glycine betaine,7.59,77601904,4242243,3120118,#N/A,molecules1,118.0881,42.2168
molecules1,230607_Smp_TN397_UKH5_OnM_B,Glycine betaine,7.57,60243940,4011879,2375552,#N/A,molecules1,118.0881,42.2168
molecules1,230607_Smp_TN397_UKH5_OnM_C,Glycine betaine,7.59,77578320,4407324,3154437,#N/A,molecules1,118.0881,42.2168
molecules1,230607_Std_0nM_Homarine_UKH5_1,DMSP,9.94,1404523520,17025240,77504528,#N/A,molecules1,135.0211,73.0958
molecules1,230607_Std_0nM_Homarine_UKH5_2,DMSP,9.93,1264638080,14081211,69128840,#N/A,molecules1,135.0211,73.0958
molecules1,230607_Std_50nM_Homarine_UKH5_1,DMSP,9.94,1331993856,12855597,73650328,#N/A,molecules1,135.0211,73.0958
molecules1,230607_Std_50nM_Homarine_UKH5_2,DMSP,9.94,1203432448,15261545,64520392,#N/A,molecules1,135.0211,73.0958
molecules1,230607_Std_100nM_Homarine_UKH5_1,DMSP,9.94,1350058752,14708838,74906560,#N/A,molecules1,135.0211,73.0958
molecules1,230607_Std_100nM_Homarine_UKH5_2,DMSP,9.93,1320760448,19327652,70840440,#N/A,molecules1,135.0211,73.0958
molecules1,230607_Std_200nM_Homarine_UKH5_1,DMSP,9.94,1344038016,22266938,73277128,#N/A,molecules1,135.0211,73.0958
molecules1,230607_Std_200nM_Homarine_UKH5_2,DMSP,9.93,1295824768,15261962,69419600,#N/A,molecules1,135.0211,73.0958
molecules1,230607_Poo_UKH5_Full1,DMSP,9.94,1618790144,15079748,88736560,#N/A,molecules1,135.0211,73.0958
molecules1,230607_Poo_UKH5_Full2,DMSP,9.94,1553149056,19254984,83932680,#N/A,molecules1,135.0211,73.0958
molecules1,230607_Poo_UKH5_Full3,DMSP,9.94,1558022912,22299106,85093456,#N/A,molecules1,135.0211,73.0958
molecules1,230607_Smp_TN397_UKH5_2nM_A,DMSP,9.94,2181776384,24698810,109178840,#N/A,molecules1,135.0211,73.0958
molecules1,230607_Smp_TN397_UKH5_2nM_B,DMSP,9.94,940626624,10121836,50159912,#N/A,molecules1,135.0211,73.0958
molecules1,230607_Smp_TN397_UKH5_2nM_C,DMSP,9.93,673100544,6590271,36009332,#N/A,molecules1,135.0211,73.0958
molecules1,230607_Smp_TN397_UKH5_5nM_A,DMSP,9.94,1616695936,16761060,86899520,#N/A,molecules1,135.0211,73.0958
molecules1,230607_Smp_TN397_UKH5_5nM_B,DMSP,9.94,1090509568,12066820,59015740,#N/A,molecules1,135.0211,73.0958
molecules1,230607_Smp_TN397_UKH5_5nM_C,DMSP,9.96,1920841984,27222112,98672536,#N/A,molecules1,135.0211,73.0958
molecules1,230607_Smp_TN397_UKH5_10nM_A,DMSP,9.94,1909362432,29498154,100554336,#N/A,molecules1,135.0211,73.0958
molecules1,230607_Smp_TN397_UKH5_10nM_B,DMSP,9.94,1346857472,16874404,69989504,#N/A,molecules1,135.0211,73.0958
molecules1,230607_Smp_TN397_UKH5_10nM_Blk,DMSP,9.93,96352880,890251,5153948,#N/A,molecules1,135.0211,73.0958
molecules1,230607_Smp_TN397_UKH5_10nM_C,DMSP,9.94,1124426112,10968865,61323552,#N/A,molecules1,135.0211,73.0958
molecules1,230607_Smp_TN397_UKH5_50nM_A,DMSP,9.93,1474873088,15838900,78059680,#N/A,molecules1,135.0211,73.0958
molecules1,230607_Smp_TN397_UKH5_50nM_B,DMSP,9.94,1022019008,13861248,55611844,#N/A,molecules1,135.0211,73.0958
molecules1,230607_Smp_TN397_UKH5_50nM_C,DMSP,9.94,1222712576,18925294,66839852,#N/A,molecules1,135.0211,73.0958
molecules1,230607_Smp_TN397_UKH5_200nM_A,DMSP,9.94,1362102272,20101220,74196144,#N/A,molecules1,135.0211,73.0958
molecules1,230607_Smp_TN397_UKH5_200nM_B,DMSP,9.94,1352792064,13405791,72586032,#N/A,molecules1,135.0211,73.0958
molecules1,230607_Smp_TN397_UKH5_200nM_Blk,DMSP,9.93,6595476,78372,358384,#N/A,molecules1,135.0211,73.0958
molecules1,230607_Smp_TN397_UKH5_200nM_C,DMSP,9.94,1089739264,11768910,59379904,#N/A,molecules1,135.0211,73.0958
molecules1,230607_Smp_TN397_UKH5_1000nM_A,DMSP,9.94,2927290624,27053456,128416336,#N/A,molecules1,135.0211,73.0958
molecules1,230607_Smp_TN397_UKH5_1000nM_B,DMSP,9.94,2213122560,27595366,109956984,#N/A,molecules1,135.0211,73.0958
molecules1,230607_Smp_TN397_UKH5_1000nM_C,DMSP,9.94,2615506944,32983864,120102584,#N/A,molecules1,135.0211,73.0958
molecules1,230607_Smp_TN397_UKH5_OnM_A,DMSP,9.94,1109877248,12072935,60682884,#N/A,molecules1,135.0211,73.0958
molecules1,230607_Smp_TN397_UKH5_OnM_B,DMSP,9.94,1263414912,19099888,71230312,#N/A,molecules1,135.0211,73.0958
molecules1,230607_Smp_TN397_UKH5_OnM_C,DMSP,9.94,1340848128,14677413,72327064,#N/A,molecules1,135.0211,73.0958
molecules1,230607_Std_0nM_Homarine_UKH5_1,DMSP,9.94,1106194816,13346589,61486180,#N/A,molecules1,135.0211,63.1085
molecules1,230607_Std_0nM_Homarine_UKH5_2,DMSP,9.94,973730688,11182009,53721908,#N/A,molecules1,135.0211,63.1085
molecules1,230607_Std_50nM_Homarine_UKH5_1,DMSP,9.93,1048670272,10564896,57523064,#N/A,molecules1,135.0211,63.1085
molecules1,230607_Std_50nM_Homarine_UKH5_2,DMSP,9.93,945218304,12376838,50756468,#N/A,molecules1,135.0211,63.1085
molecules1,230607_Std_100nM_Homarine_UKH5_1,DMSP,9.94,1063251712,11197397,58846896,#N/A,molecules1,135.0211,63.1085
molecules1,230607_Std_100nM_Homarine_UKH5_2,DMSP,9.94,997797056,14415635,54569676,#N/A,molecules1,135.0211,63.1085
molecules1,230607_Std_200nM_Homarine_UKH5_1,DMSP,9.94,1078582912,16345310,57718012,#N/A,molecules1,135.0211,63.1085
molecules1,230607_Std_200nM_Homarine_UKH5_2,DMSP,9.94,976725760,11414101,52056436,#N/A,molecules1,135.0211,63.1085
molecules1,230607_Poo_UKH5_Full1,DMSP,9.94,1288517632,11199592,71901064,#N/A,molecules1,135.0211,63.1085
molecules1,230607_Poo_UKH5_Full2,DMSP,9.96,1234778624,14813710,65774652,#N/A,molecules1,135.0211,63.1085
molecules1,230607_Poo_UKH5_Full3,DMSP,9.94,1216901888,17105820,65298248,#N/A,molecules1,135.0211,63.1085
molecules1,230607_Smp_TN397_UKH5_2nM_A,DMSP,9.96,1760843008,18764882,91861648,#N/A,molecules1,135.0211,63.1085
molecules1,230607_Smp_TN397_UKH5_2nM_B,DMSP,9.94,739979776,8066454,39625892,#N/A,molecules1,135.0211,63.1085
molecules1,230607_Smp_TN397_UKH5_2nM_C,DMSP,9.91,530546656,5180587,28689668,#N/A,molecules1,135.0211,63.1085
molecules1,230607_Smp_TN397_UKH5_5nM_A,DMSP,9.93,1264302592,12916749,64182984,#N/A,molecules1,135.0211,63.1085
molecules1,230607_Smp_TN397_UKH5_5nM_B,DMSP,9.94,856582208,10421936,46436064,#N/A,molecules1,135.0211,63.1085
molecules1,230607_Smp_TN397_UKH5_5nM_C,DMSP,9.94,1538507776,23135608,82367520,#N/A,molecules1,135.0211,63.1085
molecules1,230607_Smp_TN397_UKH5_10nM_A,DMSP,9.94,1510301824,22715382,82853248,#N/A,molecules1,135.0211,63.1085
molecules1,230607_Smp_TN397_UKH5_10nM_B,DMSP,9.94,1062028864,13235175,56085828,#N/A,molecules1,135.0211,63.1085
molecules1,230607_Smp_TN397_UKH5_10nM_Blk,DMSP,9.94,74386456,859450,4032228,#N/A,molecules1,135.0211,63.1085
molecules1,230607_Smp_TN397_UKH5_10nM_C,DMSP,9.94,879528000,8548850,47910500,#N/A,molecules1,135.0211,63.1085
molecules1,230607_Smp_TN397_UKH5_50nM_A,DMSP,9.93,1142488960,12841083,60827092,#N/A,molecules1,135.0211,63.1085
molecules1,230607_Smp_TN397_UKH5_50nM_B,DMSP,9.93,806946240,10761628,43294132,#N/A,molecules1,135.0211,63.1085
molecules1,230607_Smp_TN397_UKH5_50nM_C,DMSP,9.94,971283136,15196989,53172352,#N/A,molecules1,135.0211,63.1085
molecules1,230607_Smp_TN397_UKH5_200nM_A,DMSP,9.94,1074013568,15880339,57658640,#N/A,molecules1,135.0211,63.1085
molecules1,230607_Smp_TN397_UKH5_200nM_B,DMSP,9.94,1070742784,11394058,57179932,#N/A,molecules1,135.0211,63.1085
molecules1,230607_Smp_TN397_UKH5_200nM_Blk,DMSP,9.94,5156668,132975,277859,#N/A,molecules1,135.0211,63.1085
molecules1,230607_Smp_TN397_UKH5_200nM_C,DMSP,9.94,862715392,9571761,47120684,#N/A,molecules1,135.0211,63.1085
molecules1,230607_Smp_TN397_UKH5_1000nM_A,DMSP,9.94,2482382592,21232392,118731128,#N/A,molecules1,135.0211,63.1085
molecules1,230607_Smp_TN397_UKH5_1000nM_B,DMSP,9.94,1791917440,21287146,93708416,#N/A,molecules1,135.0211,63.1085
molecules1,230607_Smp_TN397_UKH5_1000nM_C,DMSP,9.96,2161451520,24885580,105884216,#N/A,molecules1,135.0211,63.1085
molecules1,230607_Smp_TN397_UKH5_OnM_A,DMSP,9.94,879921728,9461588,48153800,#N/A,molecules1,135.0211,63.1085
molecules1,230607_Smp_TN397_UKH5_OnM_B,DMSP,9.94,1000551744,15589256,55905844,#N/A,molecules1,135.0211,63.1085
molecules1,230607_Smp_TN397_UKH5_OnM_C,DMSP,9.94,1068894656,11355780,57816080,#N/A,molecules1,135.0211,63.1085
molecules1,230607_Std_0nM_Homarine_UKH5_1,Homarine,5.7,4309566464,53948236,124741208,#N/A,molecules1,138.0681,94.1067
molecules1,230607_Std_0nM_Homarine_UKH5_2,Homarine,5.68,3391325440,34206756,99821408,#N/A,molecules1,138.0681,94.1067
molecules1,230607_Std_50nM_Homarine_UKH5_1,Homarine,5.7,4063601664,39569988,118682248,#N/A,molecules1,138.0681,94.1067
molecules1,230607_Std_50nM_Homarine_UKH5_2,Homarine,5.69,3308787968,38263500,99031408,#N/A,molecules1,138.0681,94.1067
molecules1,230607_Std_100nM_Homarine_UKH5_1,Homarine,5.71,4066717696,46547596,116267368,#N/A,molecules1,138.0681,94.1067
molecules1,230607_Std_100nM_Homarine_UKH5_2,Homarine,5.66,3489854976,44609524,100779752,#N/A,molecules1,138.0681,94.1067
molecules1,230607_Std_200nM_Homarine_UKH5_1,Homarine,5.71,3875580928,52381672,112252832,#N/A,molecules1,138.0681,94.1067
molecules1,230607_Std_200nM_Homarine_UKH5_2,Homarine,5.7,3395678208,37656752,98320648,#N/A,molecules1,138.0681,94.1067
molecules1,230607_Poo_UKH5_Full1,Homarine,5.7,3697995264,42182044,109563584,#N/A,molecules1,138.0681,94.1067
molecules1,230607_Poo_UKH5_Full2,Homarine,5.7,3466295808,39571096,103139048,#N/A,molecules1,138.0681,94.1067
molecules1,230607_Poo_UKH5_Full3,Homarine,5.68,3295767808,40216192,98279120,#N/A,molecules1,138.0681,94.1067
molecules1,230607_Smp_TN397_UKH5_2nM_A,Homarine,5.7,3473015808,36470460,102699848,#N/A,molecules1,138.0681,94.1067
molecules1,230607_Smp_TN397_UKH5_2nM_B,Homarine,5.7,3212748800,39426028,96660192,#N/A,molecules1,138.0681,94.1067
molecules1,230607_Smp_TN397_UKH5_2nM_C,Homarine,5.68,3053481472,34877888,93014432,#N/A,molecules1,138.0681,94.1067
molecules1,230607_Smp_TN397_UKH5_5nM_A,Homarine,5.68,3935550976,49384112,110948160,#N/A,molecules1,138.0681,94.1067
molecules1,230607_Smp_TN397_UKH5_5nM_B,Homarine,5.72,3779394048,50590088,106769200,#N/A,molecules1,138.0681,94.1067
molecules1,230607_Smp_TN397_UKH5_5nM_C,Homarine,5.71,4002729984,55872132,110520352,#N/A,molecules1,138.0681,94.1067
molecules1,230607_Smp_TN397_UKH5_10nM_A,Homarine,5.7,3862519552,53007592,109684240,#N/A,molecules1,138.0681,94.1067
molecules1,230607_Smp_TN397_UKH5_10nM_B,Homarine,5.7,3673857792,51722700,105089904,#N/A,molecules1,138.0681,94.1067
molecules1,230607_Smp_TN397_UKH5_10nM_Blk,Homarine,5.69,23956086,2223049,776892,#N/A,molecules1,138.0681,94.1067
molecules1,230607_Smp_TN397_UKH5_10nM_C,Homarine,5.66,2986125056,34233532,91326944,#N/A,molecules1,138.0681,94.1067
molecules1,230607_Smp_TN397_UKH5_50nM_A,Homarine,5.66,3633148672,43958880,103630104,#N/A,molecules1,138.0681,94.1067
molecules1,230607_Smp_TN397_UKH5_50nM_B,Homarine,5.66,3319665664,38904280,98225328,#N/A,molecules1,138.0681,94.1067
molecules1,230607_Smp_TN397_UKH5_50nM_C,Homarine,5.68,3994499328,48200308,111488544,#N/A,molecules1,138.0681,94.1067
molecules1,230607_Smp_TN397_UKH5_200nM_A,Homarine,5.68,3347268864,33206884,96259032,#N/A,molecules1,138.0681,94.1067
molecules1,230607_Smp_TN397_UKH5_200nM_B,Homarine,5.7,3290763776,42320108,96616944,#N/A,molecules1,138.0681,94.1067
molecules1,230607_Smp_TN397_UKH5_200nM_Blk,Homarine,5.68,1891461,2023990,53603,#N/A,molecules1,138.0681,94.1067
molecules1,230607_Smp_TN397_UKH5_200nM_C,Homarine,5.7,3397635328,37651160,97970984,#N/A,molecules1,138.0681,94.1067
molecules1,230607_Smp_TN397_UKH5_1000nM_A,Homarine,5.7,3217338880,43359500,92517528,#N/A,molecules1,138.0681,94.1067
molecules1,230607_Smp_TN397_UKH5_1000nM_B,Homarine,5.71,3388167168,39590884,97152832,#N/A,molecules1,138.0681,94.1067
molecules1,230607_Smp_TN397_UKH5_1000nM_C,Homarine,5.68,3231102208,40681332,93726208,#N/A,molecules1,138.0681,94.1067
molecules1,230607_Smp_TN397_UKH5_OnM_A,Homarine,5.7,4104091904,48333144,114505400,#N/A,molecules1,138.0681,94.1067
molecules1,230607_Smp_TN397_UKH5_OnM_B,Homarine,5.71,3832318720,53626796,109333184,#N/A,molecules1,138.0681,94.1067
molecules1,230607_Smp_TN397_UKH5_OnM_C,Homarine,5.7,3975171072,54971176,111461456,#N/A,molecules1,138.0681,94.1067
molecules1,230607_Std_0nM_Homarine_UKH5_1,Homarine,5.68,6046142976,81999136,133632856,#N/A,molecules1,138.0681,78.1109
molecules1,230607_Std_0nM_Homarine_UKH5_2,Homarine,5.69,5060336128,52841664,127268488,#N/A,molecules1,138.0681,78.1109
molecules1,230607_Std_50nM_Homarine_UKH5_1,Homarine,5.7,5765365760,58285984,133576776,#N/A,molecules1,138.0681,78.1109
molecules1,230607_Std_50nM_Homarine_UKH5_2,Homarine,5.66,5161724416,55925560,132235368,#N/A,molecules1,138.0681,78.1109
molecules1,230607_Std_100nM_Homarine_UKH5_1,Homarine,5.7,5818475008,71428936,133486880,#N/A,molecules1,138.0681,78.1109
molecules1,230607_Std_100nM_Homarine_UKH5_2,Homarine,5.68,5129533952,62508936,127315840,#N/A,molecules1,138.0681,78.1109
molecules1,230607_Std_200nM_Homarine_UKH5_1,Homarine,5.71,5614547968,75810680,133030328,#N/A,molecules1,138.0681,78.1109
molecules1,230607_Std_200nM_Homarine_UKH5_2,Homarine,5.65,5005208064,53455836,125373320,#N/A,molecules1,138.0681,78.1109
molecules1,230607_Poo_UKH5_Full1,Homarine,5.7,5408649728,64949372,132400152,#N/A,molecules1,138.0681,78.1109
molecules1,230607_Poo_UKH5_Full2,Homarine,5.71,5198497792,58583320,129718008,#N/A,molecules1,138.0681,78.1109
molecules1,230607_Poo_UKH5_Full3,Homarine,5.68,4957712896,59926832,126770032,#N/A,molecules1,138.0681,78.1109
molecules1,230607_Smp_TN397_UKH5_2nM_A,Homarine,5.71,5153624064,54569460,128977736,#N/A,molecules1,138.0681,78.1109
molecules1,230607_Smp_TN397_UKH5_2nM_B,Homarine,5.69,4865711104,58863948,125640088,#N/A,molecules1,138.0681,78.1109
molecules1,230607_Smp_TN397_UKH5_2nM_C,Homarine,5.66,4673676800,52677216,123888456,#N/A,molecules1,138.0681,78.1109
molecules1,230607_Smp_TN397_UKH5_5nM_A,Homarine,5.68,5653647872,72074912,132081576,#N/A,molecules1,138.0681,78.1109
molecules1,230607_Smp_TN397_UKH5_5nM_B,Homarine,5.74,5500815872,78175384,130692864,#N/A,molecules1,138.0681,78.1109
molecules1,230607_Smp_TN397_UKH5_5nM_C,Homarine,5.71,5750963200,83095336,132180272,#N/A,molecules1,138.0681,78.1109
molecules1,230607_Smp_TN397_UKH5_10nM_A,Homarine,5.7,5612102656,78768960,131964048,#N/A,molecules1,138.0681,78.1109
molecules1,230607_Smp_TN397_UKH5_10nM_B,Homarine,5.71,5460465664,75338408,130268872,#N/A,molecules1,138.0681,78.1109
molecules1,230607_Smp_TN397_UKH5_10nM_Blk,Homarine,5.68,39314636,737756,1328119,#N/A,molecules1,138.0681,78.1109
molecules1,230607_Smp_TN397_UKH5_10nM_C,Homarine,5.69,4565961216,48306124,121890520,#N/A,molecules1,138.0681,78.1109
molecules1,230607_Smp_TN397_UKH5_50nM_A,Homarine,5.66,5297957888,62602336,129141352,#N/A,molecules1,138.0681,78.1109
molecules1,230607_Smp_TN397_UKH5_50nM_B,Homarine,5.68,4977043968,57947508,127538288,#N/A,molecules1,138.0681,78.1109
molecules1,230607_Smp_TN397_UKH5_50nM_C,Homarine,5.7,5751648256,69426576,132715712,#N/A,molecules1,138.0681,78.1109
molecules1,230607_Smp_TN397_UKH5_200nM_A,Homarine,5.71,5074183680,53492004,126812640,#N/A,molecules1,138.0681,78.1109
molecules1,230607_Smp_TN397_UKH5_200nM_B,Homarine,5.7,4999721472,59485632,126570792,#N/A,molecules1,138.0681,78.1109
molecules1,230607_Smp_TN397_UKH5_200nM_Blk,Homarine,5.64,2494338,544918,88433,#N/A,molecules1,138.0681,78.1109
molecules1,230607_Smp_TN397_UKH5_200nM_C,Homarine,5.7,5142116352,59496504,127871800,#N/A,molecules1,138.0681,78.1109
molecules1,230607_Smp_TN397_UKH5_1000nM_A,Homarine,5.71,4958640128,61257592,125778608,#N/A,molecules1,138.0681,78.1109
molecules1,230607_Smp_TN397_UKH5_1000nM_B,Homarine,5.7,5131940864,58084836,126487776,#N/A,molecules1,138.0681,78.1109
molecules1,230607_Smp_TN397_UKH5_1000nM_C,Homarine,5.7,4989017600,59087792,125704240,#N/A,molecules1,138.0681,78.1109
molecules1,230607_Smp_TN397_UKH5_OnM_A,Homarine,5.7,5813744640,75274280,132772832,#N/A,molecules1,138.0681,78.1109
molecules1,230607_Smp_TN397_UKH5_OnM_B,Homarine,5.69,5546809344,80285928,132068904,#N/A,molecules1,138.0681,78.1109
molecules1,230607_Smp_TN397_UKH5_OnM_C,Homarine,5.71,5734380032,82615368,132511048,#N/A,molecules1,138.0681,78.1109
molecules1,230607_Std_0nM_Homarine_UKH5_1,Triogonelline,5.69,10947995,1812315,286947,#N/A,molecules1,138.1619,94.6102
molecules1,230607_Std_0nM_Homarine_UKH5_2,Triogonelline,5.72,7629430,703298,253366,#N/A,molecules1,138.1619,94.6102
molecules1,230607_Std_50nM_Homarine_UKH5_1,Triogonelline,5.7,8908446,568911,280991,#N/A,molecules1,138.1619,94.6102
molecules1,230607_Std_50nM_Homarine_UKH5_2,Triogonelline,5.67,7578743,670166,244781,#N/A,molecules1,138.1619,94.6102
molecules1,230607_Std_100nM_Homarine_UKH5_1,Triogonelline,5.74,8951655,670659,278026,#N/A,molecules1,138.1619,94.6102
molecules1,230607_Std_100nM_Homarine_UKH5_2,Triogonelline,5.66,8306213,706473,259526,#N/A,molecules1,138.1619,94.6102
molecules1,230607_Std_200nM_Homarine_UKH5_1,Triogonelline,5.66,8669887,682312,266816,#N/A,molecules1,138.1619,94.6102
molecules1,230607_Std_200nM_Homarine_UKH5_2,Triogonelline,5.64,7770046,746915,253056,#N/A,molecules1,138.1619,94.6102
molecules1,230607_Poo_UKH5_Full1,Triogonelline,5.7,8476985,682491,270035,#N/A,molecules1,138.1619,94.6102
molecules1,230607_Poo_UKH5_Full2,Triogonelline,5.72,9632314,1306293,265848,#N/A,molecules1,138.1619,94.6102
molecules1,230607_Poo_UKH5_Full3,Triogonelline,5.72,7981132,501785,251546,#N/A,molecules1,138.1619,94.6102
molecules1,230607_Smp_TN397_UKH5_2nM_A,Triogonelline,5.74,8191252,510797,258057,#N/A,molecules1,138.1619,94.6102
molecules1,230607_Smp_TN397_UKH5_2nM_B,Triogonelline,5.66,7855773,428446,238174,#N/A,molecules1,138.1619,94.6102
molecules1,230607_Smp_TN397_UKH5_2nM_C,Triogonelline,5.72,7259879,443310,232235,#N/A,molecules1,138.1619,94.6102
molecules1,230607_Smp_TN397_UKH5_5nM_A,Triogonelline,5.67,9494240,603005,296111,#N/A,molecules1,138.1619,94.6102
molecules1,230607_Smp_TN397_UKH5_5nM_B,Triogonelline,5.72,10717588,1546092,277179,#N/A,molecules1,138.1619,94.6102
molecules1,230607_Smp_TN397_UKH5_5nM_C,Triogonelline,5.7,11368056,1482462,292742,#N/A,molecules1,138.1619,94.6102
molecules1,230607_Smp_TN397_UKH5_10nM_A,Triogonelline,5.72,9031592,671773,278401,#N/A,molecules1,138.1619,94.6102
molecules1,230607_Smp_TN397_UKH5_10nM_B,Triogonelline,5.73,10157546,1598549,264246,#N/A,molecules1,138.1619,94.6102
molecules1,230607_Smp_TN397_UKH5_10nM_Blk,Triogonelline,5.51,814583,697006,19868,#N/A,molecules1,138.1619,94.6102
molecules1,230607_Smp_TN397_UKH5_10nM_C,Triogonelline,5.67,8069855,1267726,229065,#N/A,molecules1,138.1619,94.6102
molecules1,230607_Smp_TN397_UKH5_50nM_A,Triogonelline,5.66,8664004,676942,279020,#N/A,molecules1,138.1619,94.6102
molecules1,230607_Smp_TN397_UKH5_50nM_B,Triogonelline,5.64,8094070,568868,255904,#N/A,molecules1,138.1619,94.6102
molecules1,230607_Smp_TN397_UKH5_50nM_C,Triogonelline,5.7,11114686,1841214,296790,#N/A,molecules1,138.1619,94.6102
molecules1,230607_Smp_TN397_UKH5_200nM_A,Triogonelline,5.7,8120266,777729,252712,#N/A,molecules1,138.1619,94.6102
molecules1,230607_Smp_TN397_UKH5_200nM_B,Triogonelline,5.75,8050312,734775,247383,#N/A,molecules1,138.1619,94.6102
molecules1,230607_Smp_TN397_UKH5_200nM_Blk,Triogonelline,5.45,580474,452327,19024,#N/A,molecules1,138.1619,94.6102
molecules1,230607_Smp_TN397_UKH5_200nM_C,Triogonelline,5.74,9344811,1835099,249071,#N/A,molecules1,138.1619,94.6102
molecules1,230607_Smp_TN397_UKH5_1000nM_A,Triogonelline,5.77,8553605,653074,263171,#N/A,molecules1,138.1619,94.6102
molecules1,230607_Smp_TN397_UKH5_1000nM_B,Triogonelline,5.7,10251341,2081051,271766,#N/A,molecules1,138.1619,94.6102
molecules1,230607_Smp_TN397_UKH5_1000nM_C,Triogonelline,5.72,9813805,1403763,265177,#N/A,molecules1,138.1619,94.6102
molecules1,230607_Smp_TN397_UKH5_OnM_A,Triogonelline,5.72,9368636,765011,301159,#N/A,molecules1,138.1619,94.6102
molecules1,230607_Smp_TN397_UKH5_OnM_B,Triogonelline,5.7,8472290,771245,271714,#N/A,molecules1,138.1619,94.6102
molecules1,230607_Smp_TN397_UKH5_OnM_C,Triogonelline,5.69,9258258,517239,289595,#N/A,molecules1,138.1619,94.6102
molecules1,230607_Std_0nM_Homarine_UKH5_1,Triogonelline,5.69,5884831232,77327288,133655096,#N/A,molecules1,138.1619,78.0911
molecules1,230607_Std_0nM_Homarine_UKH5_2,Triogonelline,5.64,4581334016,126184208,125183840,#N/A,molecules1,138.1619,78.0911
molecules1,230607_Std_50nM_Homarine_UKH5_1,Triogonelline,5.69,5197667328,33172518,133524920,#N/A,molecules1,138.1619,78.0911
molecules1,230607_Std_50nM_Homarine_UKH5_2,Triogonelline,5.67,4820861440,14591656,132891704,#N/A,molecules1,138.1619,78.0911
molecules1,230607_Std_100nM_Homarine_UKH5_1,Triogonelline,5.72,5205497856,39830240,133180264,#N/A,molecules1,138.1619,78.0911
molecules1,230607_Std_100nM_Homarine_UKH5_2,Triogonelline,5.66,4740042752,89044864,125315280,#N/A,molecules1,138.1619,78.0911
molecules1,230607_Std_200nM_Homarine_UKH5_1,Triogonelline,5.72,5122209792,10469253,132654424,#N/A,molecules1,138.1619,78.0911
molecules1,230607_Std_200nM_Homarine_UKH5_2,Triogonelline,5.66,4524132352,63512832,124190736,#N/A,molecules1,138.1619,78.0911
molecules1,230607_Poo_UKH5_Full1,Triogonelline,5.7,4869684224,5468506,131423216,#N/A,molecules1,138.1619,78.0911
molecules1,230607_Poo_UKH5_Full2,Triogonelline,5.7,5206317568,64770360,128749264,#N/A,molecules1,138.1619,78.0911
molecules1,230607_Poo_UKH5_Full3,Triogonelline,5.64,4595615744,17397420,125541344,#N/A,molecules1,138.1619,78.0911
molecules1,230607_Smp_TN397_UKH5_2nM_A,Triogonelline,5.72,4812017664,7281732,128506392,#N/A,molecules1,138.1619,78.0911
molecules1,230607_Smp_TN397_UKH5_2nM_B,Triogonelline,5.69,4629776896,9153851,125832680,#N/A,molecules1,138.1619,78.0911
molecules1,230607_Smp_TN397_UKH5_2nM_C,Triogonelline,5.69,4452599808,13976306,123744672,#N/A,molecules1,138.1619,78.0911
molecules1,230607_Smp_TN397_UKH5_5nM_A,Triogonelline,5.67,5179674624,60854804,131689952,#N/A,molecules1,138.1619,78.0911
molecules1,230607_Smp_TN397_UKH5_5nM_B,Triogonelline,5.7,5545091072,72440608,130204976,#N/A,molecules1,138.1619,78.0911
molecules1,230607_Smp_TN397_UKH5_5nM_C,Triogonelline,5.7,5766236160,81407080,131507456,#N/A,molecules1,138.1619,78.0911
molecules1,230607_Smp_TN397_UKH5_10nM_A,Triogonelline,5.7,5051258368,51750160,131225208,#N/A,molecules1,138.1619,78.0911
molecules1,230607_Smp_TN397_UKH5_10nM_B,Triogonelline,5.69,5496565760,74579616,129943488,#N/A,molecules1,138.1619,78.0911
molecules1,230607_Smp_TN397_UKH5_10nM_Blk,Triogonelline,5.69,44392172,1428169,1376725,#N/A,molecules1,138.1619,78.0911
molecules1,230607_Smp_TN397_UKH5_10nM_C,Triogonelline,5.67,4711512064,59998592,121640576,#N/A,molecules1,138.1619,78.0911
molecules1,230607_Smp_TN397_UKH5_50nM_A,Triogonelline,5.67,4861980160,33780908,128800152,#N/A,molecules1,138.1619,78.0911
molecules1,230607_Smp_TN397_UKH5_50nM_B,Triogonelline,5.66,4675890176,15559867,126594904,#N/A,molecules1,138.1619,78.0911
molecules1,230607_Smp_TN397_UKH5_50nM_C,Triogonelline,5.69,5680966656,88870264,131404008,#N/A,molecules1,138.1619,78.0911
molecules1,230607_Smp_TN397_UKH5_200nM_A,Triogonelline,5.7,4582123520,38047700,124092552,#N/A,molecules1,138.1619,78.0911
molecules1,230607_Smp_TN397_UKH5_200nM_B,Triogonelline,5.69,4605954048,19328076,124284688,#N/A,molecules1,138.1619,78.0911
molecules1,230607_Smp_TN397_UKH5_200nM_Blk,Triogonelline,5.69,2809053,520548,89885,#N/A,molecules1,138.1619,78.0911
molecules1,230607_Smp_TN397_UKH5_200nM_C,Triogonelline,5.7,5119973888,81467200,125211776,#N/A,molecules1,138.1619,78.0911
molecules1,230607_Smp_TN397_UKH5_1000nM_A,Triogonelline,5.72,4434427392,134668864,120945768,#N/A,molecules1,138.1619,78.0911
molecules1,230607_Smp_TN397_UKH5_1000nM_B,Triogonelline,5.7,5083688448,86937816,124256744,#N/A,molecules1,138.1619,78.0911
molecules1,230607_Smp_TN397_UKH5_1000nM_C,Triogonelline,5.72,4937904640,62574620,122932208,#N/A,molecules1,138.1619,78.0911
molecules1,230607_Smp_TN397_UKH5_OnM_A,Triogonelline,5.69,5202071040,10028641,132750904,#N/A,molecules1,138.1619,78.0911
molecules1,230607_Smp_TN397_UKH5_OnM_B,Triogonelline,5.67,4950641664,87520944,130127432,#N/A,molecules1,138.1619,78.0911
molecules1,230607_Smp_TN397_UKH5_OnM_C,Triogonelline,5.7,5149902848,53965200,131737032,#N/A,molecules1,138.1619,78.0911
molecules1,230607_Std_0nM_Homarine_UKH5_1,D3-Homarine,5.78,6810539,1110200,200356,#N/A,molecules1,141.0681,97.0954
molecules1,230607_Std_0nM_Homarine_UKH5_2,D3-Homarine,5.72,4593002,917124,147435,#N/A,molecules1,141.0681,97.0954
molecules1,230607_Std_50nM_Homarine_UKH5_1,D3-Homarine,5.69,110041760,3908485,3371972,#N/A,molecules1,141.0681,97.0954
molecules1,230607_Std_50nM_Homarine_UKH5_2,D3-Homarine,5.7,87850240,3268576,2659227,#N/A,molecules1,141.0681,97.0954
molecules1,230607_Std_100nM_Homarine_UKH5_1,D3-Homarine,5.69,184691280,4991464,5570540,#N/A,molecules1,141.0681,97.0954
molecules1,230607_Std_100nM_Homarine_UKH5_2,D3-Homarine,5.68,158662528,4553025,4807421,#N/A,molecules1,141.0681,97.0954
molecules1,230607_Std_200nM_Homarine_UKH5_1,D3-Homarine,5.68,388866208,6622420,11841885,#N/A,molecules1,141.0681,97.0954
molecules1,230607_Std_200nM_Homarine_UKH5_2,D3-Homarine,5.66,342400576,6821193,10169203,#N/A,molecules1,141.0681,97.0954
molecules1,230607_Poo_UKH5_Full1,D3-Homarine,5.7,922536256,12584341,27951186,#N/A,molecules1,141.0681,97.0954
molecules1,230607_Poo_UKH5_Full2,D3-Homarine,5.7,859107776,11826982,26020218,#N/A,molecules1,141.0681,97.0954
molecules1,230607_Poo_UKH5_Full3,D3-Homarine,5.66,811920896,11721211,24336112,#N/A,molecules1,141.0681,97.0954
molecules1,230607_Smp_TN397_UKH5_2nM_A,D3-Homarine,5.72,54340404,2323379,1656033,#N/A,molecules1,141.0681,97.0954
molecules1,230607_Smp_TN397_UKH5_2nM_B,D3-Homarine,5.7,88689656,2848707,2716943,#N/A,molecules1,141.0681,97.0954
molecules1,230607_Smp_TN397_UKH5_2nM_C,D3-Homarine,5.64,47921752,2452956,1437569,#N/A,molecules1,141.0681,97.0954
molecules1,230607_Smp_TN397_UKH5_5nM_A,D3-Homarine,5.66,195115760,5330598,6002615,#N/A,molecules1,141.0681,97.0954
molecules1,230607_Smp_TN397_UKH5_5nM_B,D3-Homarine,5.72,132405120,4036811,3958816,#N/A,molecules1,141.0681,97.0954
molecules1,230607_Smp_TN397_UKH5_5nM_C,D3-Homarine,5.72,126956888,4220832,3808296,#N/A,molecules1,141.0681,97.0954
molecules1,230607_Smp_TN397_UKH5_10nM_A,D3-Homarine,5.7,210067440,5784473,6302681,#N/A,molecules1,141.0681,97.0954
molecules1,230607_Smp_TN397_UKH5_10nM_B,D3-Homarine,5.72,218223664,5068240,6448325,#N/A,molecules1,141.0681,97.0954
molecules1,230607_Smp_TN397_UKH5_10nM_Blk,D3-Homarine,5.65,8187516,1147104,259129,#N/A,molecules1,141.0681,97.0954
molecules1,230607_Smp_TN397_UKH5_10nM_C,D3-Homarine,5.66,205189696,4212436,6271646,#N/A,molecules1,141.0681,97.0954
molecules1,230607_Smp_TN397_UKH5_50nM_A,D3-Homarine,5.66,652767936,10005136,19739162,#N/A,molecules1,141.0681,97.0954
molecules1,230607_Smp_TN397_UKH5_50nM_B,D3-Homarine,5.66,660384960,10813450,20005638,#N/A,molecules1,141.0681,97.0954
molecules1,230607_Smp_TN397_UKH5_50nM_C,D3-Homarine,5.69,807148672,11311705,24076430,#N/A,molecules1,141.0681,97.0954
molecules1,230607_Smp_TN397_UKH5_200nM_A,D3-Homarine,5.7,1592711424,20311826,47425744,#N/A,molecules1,141.0681,97.0954
molecules1,230607_Smp_TN397_UKH5_200nM_B,D3-Homarine,5.7,1617368064,23620352,48853220,#N/A,molecules1,141.0681,97.0954
molecules1,230607_Smp_TN397_UKH5_200nM_Blk,D3-Homarine,5.7,89468568,2974939,2827385,#N/A,molecules1,141.0681,97.0954
molecules1,230607_Smp_TN397_UKH5_200nM_C,D3-Homarine,5.69,1500981504,20573292,44932232,#N/A,molecules1,141.0681,97.0954
molecules1,230607_Smp_TN397_UKH5_1000nM_A,D3-Homarine,5.72,3320977152,35707840,98859952,#N/A,molecules1,141.0681,97.0954
molecules1,230607_Smp_TN397_UKH5_1000nM_B,D3-Homarine,5.69,3447672064,44187984,101585376,#N/A,molecules1,141.0681,97.0954
molecules1,230607_Smp_TN397_UKH5_1000nM_C,D3-Homarine,5.72,3437966080,36299692,101979744,#N/A,molecules1,141.0681,97.0954
molecules1,230607_Smp_TN397_UKH5_OnM_A,D3-Homarine,5.81,4452591,899828,141462,#N/A,molecules1,141.0681,97.0954
molecules1,230607_Smp_TN397_UKH5_OnM_B,D3-Homarine,5.78,5645406,1049261,169720,#N/A,molecules1,141.0681,97.0954
molecules1,230607_Smp_TN397_UKH5_OnM_C,D3-Homarine,5.82,4269399,965652,139272,#N/A,molecules1,141.0681,97.0954
molecules1,230607_Std_0nM_Homarine_UKH5_1,D3-Homarine,5.8,9767701,190668,280028,#N/A,molecules1,141.0681,78.0399
molecules1,230607_Std_0nM_Homarine_UKH5_2,D3-Homarine,5.76,6631995,437605,202526,#N/A,molecules1,141.0681,78.0399
molecules1,230607_Std_50nM_Homarine_UKH5_1,D3-Homarine,5.7,174782400,2880768,5203351,#N/A,molecules1,141.0681,78.0399
molecules1,230607_Std_50nM_Homarine_UKH5_2,D3-Homarine,5.68,143532816,2979603,4342075,#N/A,molecules1,141.0681,78.0399
molecules1,230607_Std_100nM_Homarine_UKH5_1,D3-Homarine,5.69,294815936,4869714,8823684,#N/A,molecules1,141.0681,78.0399
molecules1,230607_Std_100nM_Homarine_UKH5_2,D3-Homarine,5.66,258934192,4803214,7762684,#N/A,molecules1,141.0681,78.0399
molecules1,230607_Std_200nM_Homarine_UKH5_1,D3-Homarine,5.7,618807424,8444683,18649566,#N/A,molecules1,141.0681,78.0399
molecules1,230607_Std_200nM_Homarine_UKH5_2,D3-Homarine,5.66,555893248,8983777,16743253,#N/A,molecules1,141.0681,78.0399
molecules1,230607_Poo_UKH5_Full1,D3-Homarine,5.7,1465409536,18309408,43765204,#N/A,molecules1,141.0681,78.0399
molecules1,230607_Poo_UKH5_Full2,D3-Homarine,5.7,1396609408,17456776,41894568,#N/A,molecules1,141.0681,78.0399
molecules1,230607_Poo_UKH5_Full3,D3-Homarine,5.66,1317697792,15991480,39269096,#N/A,molecules1,141.0681,78.0399
molecules1,230607_Smp_TN397_UKH5_2nM_A,D3-Homarine,5.74,87035864,2093407,2546253,#N/A,molecules1,141.0681,78.0399
molecules1,230607_Smp_TN397_UKH5_2nM_B,D3-Homarine,5.69,142917152,2687175,4262469,#N/A,molecules1,141.0681,78.0399
molecules1,230607_Smp_TN397_UKH5_2nM_C,D3-Homarine,5.66,78468336,932926,2355821,#N/A,molecules1,141.0681,78.0399
molecules1,230607_Smp_TN397_UKH5_5nM_A,D3-Homarine,5.68,314925696,5239804,9499123,#N/A,molecules1,141.0681,78.0399
molecules1,230607_Smp_TN397_UKH5_5nM_B,D3-Homarine,5.74,214120720,3640573,6293856,#N/A,molecules1,141.0681,78.0399
molecules1,230607_Smp_TN397_UKH5_5nM_C,D3-Homarine,5.7,204129744,4184829,6084616,#N/A,molecules1,141.0681,78.0399
molecules1,230607_Smp_TN397_UKH5_10nM_A,D3-Homarine,5.72,337205504,5992971,9962113,#N/A,molecules1,141.0681,78.0399
molecules1,230607_Smp_TN397_UKH5_10nM_B,D3-Homarine,5.72,351339232,4948853,10352107,#N/A,molecules1,141.0681,78.0399
molecules1,230607_Smp_TN397_UKH5_10nM_Blk,D3-Homarine,5.72,13809895,325845,426027,#N/A,molecules1,141.0681,78.0399
molecules1,230607_Smp_TN397_UKH5_10nM_C,D3-Homarine,5.66,333139520,4528551,9995963,#N/A,molecules1,141.0681,78.0399
molecules1,230607_Smp_TN397_UKH5_50nM_A,D3-Homarine,5.66,1063806464,14119583,32007290,#N/A,molecules1,141.0681,78.0399
molecules1,230607_Smp_TN397_UKH5_50nM_B,D3-Homarine,5.68,1070110016,13408824,32019770,#N/A,molecules1,141.0681,78.0399
molecules1,230607_Smp_TN397_UKH5_50nM_C,D3-Homarine,5.69,1289366656,15730994,38417716,#N/A,molecules1,141.0681,78.0399
molecules1,230607_Smp_TN397_UKH5_200nM_A,D3-Homarine,5.72,2573938944,29990680,76044080,#N/A,molecules1,141.0681,78.0399
molecules1,230607_Smp_TN397_UKH5_200nM_B,D3-Homarine,5.7,2611740672,35021216,78387344,#N/A,molecules1,141.0681,78.0399
molecules1,230607_Smp_TN397_UKH5_200nM_Blk,D3-Homarine,5.69,146496672,2819431,4594199,#N/A,molecules1,141.0681,78.0399
molecules1,230607_Smp_TN397_UKH5_200nM_C,D3-Homarine,5.7,2418186240,28549050,71543816,#N/A,molecules1,141.0681,78.0399
molecules1,230607_Smp_TN397_UKH5_1000nM_A,D3-Homarine,5.72,4919056896,53544332,125695160,#N/A,molecules1,141.0681,78.0399
molecules1,230607_Smp_TN397_UKH5_1000nM_B,D3-Homarine,5.7,5051148288,65853168,125799296,#N/A,molecules1,141.0681,78.0399
molecules1,230607_Smp_TN397_UKH5_1000nM_C,D3-Homarine,5.72,5033154048,53302512,126789936,#N/A,molecules1,141.0681,78.0399
molecules1,230607_Smp_TN397_UKH5_OnM_A,D3-Homarine,5.8,6224180,314415,193454,#N/A,molecules1,141.0681,78.0399
molecules1,230607_Smp_TN397_UKH5_OnM_B,D3-Homarine,5.76,8266417,103236,241047,#N/A,molecules1,141.0681,78.0399
molecules1,230607_Smp_TN397_UKH5_OnM_C,D3-Homarine,5.78,5886392,391481,180951,#N/A,molecules1,141.0681,78.0399
molecules1,230607_Std_0nM_Homarine_UKH5_1,Ectoine_pos,9.64,90289672,8419146,5238484,#N/A,molecules1,143.0817,97.0763
molecules1,230607_Std_0nM_Homarine_UKH5_2,Ectoine_pos,9.63,80845392,7811706,4564065,#N/A,molecules1,143.0817,97.0763
molecules1,230607_Std_50nM_Homarine_UKH5_1,Ectoine_pos,9.64,87140776,7709054,4962127,#N/A,molecules1,143.0817,97.0763
molecules1,230607_Std_50nM_Homarine_UKH5_2,Ectoine_pos,9.64,81362424,6674259,4622077,#N/A,molecules1,143.0817,97.0763
molecules1,230607_Std_100nM_Homarine_UKH5_1,Ectoine_pos,9.64,90597064,7852449,5202635,#N/A,molecules1,143.0817,97.0763
molecules1,230607_Std_100nM_Homarine_UKH5_2,Ectoine_pos,9.64,86230328,7989049,4852940,#N/A,molecules1,143.0817,97.0763
molecules1,230607_Std_200nM_Homarine_UKH5_1,Ectoine_pos,9.64,85734960,8068276,4963469,#N/A,molecules1,143.0817,97.0763
molecules1,230607_Std_200nM_Homarine_UKH5_2,Ectoine_pos,9.63,84530024,7196359,4760739,#N/A,molecules1,143.0817,97.0763
molecules1,230607_Poo_UKH5_Full1,Ectoine_pos,9.64,85590728,6269922,4911603,#N/A,molecules1,143.0817,97.0763
molecules1,230607_Poo_UKH5_Full2,Ectoine_pos,9.66,72496696,6259276,4129966,#N/A,molecules1,143.0817,97.0763
molecules1,230607_Poo_UKH5_Full3,Ectoine_pos,9.64,76462240,6295422,4343027,#N/A,molecules1,143.0817,97.0763
molecules1,230607_Smp_TN397_UKH5_2nM_A,Ectoine_pos,9.64,77212304,6309740,4293353,#N/A,molecules1,143.0817,97.0763
molecules1,230607_Smp_TN397_UKH5_2nM_B,Ectoine_pos,9.66,58108740,4745787,3277343,#N/A,molecules1,143.0817,97.0763
molecules1,230607_Smp_TN397_UKH5_2nM_C,Ectoine_pos,9.63,53454464,4270286,3010329,#N/A,molecules1,143.0817,97.0763
molecules1,230607_Smp_TN397_UKH5_5nM_A,Ectoine_pos,9.61,91814072,7763769,5159873,#N/A,molecules1,143.0817,97.0763
molecules1,230607_Smp_TN397_UKH5_5nM_B,Ectoine_pos,9.64,78989712,6643786,4367903,#N/A,molecules1,143.0817,97.0763
molecules1,230607_Smp_TN397_UKH5_5nM_C,Ectoine_pos,9.66,81465736,6528898,4517048,#N/A,molecules1,143.0817,97.0763
molecules1,230607_Smp_TN397_UKH5_10nM_A,Ectoine_pos,9.64,72874360,5497490,4084471,#N/A,molecules1,143.0817,97.0763
molecules1,230607_Smp_TN397_UKH5_10nM_B,Ectoine_pos,9.64,71282792,5075108,4012365,#N/A,molecules1,143.0817,97.0763
molecules1,230607_Smp_TN397_UKH5_10nM_Blk,Ectoine_pos,9.64,3091808,1371701,150852,#N/A,molecules1,143.0817,97.0763
molecules1,230607_Smp_TN397_UKH5_10nM_C,Ectoine_pos,9.64,58347324,4969713,3296666,#N/A,molecules1,143.0817,97.0763
molecules1,230607_Smp_TN397_UKH5_50nM_A,Ectoine_pos,9.63,89372840,7840999,5087264,#N/A,molecules1,143.0817,97.0763
molecules1,230607_Smp_TN397_UKH5_50nM_B,Ectoine_pos,9.66,72917144,5705500,4017513,#N/A,molecules1,143.0817,97.0763
molecules1,230607_Smp_TN397_UKH5_50nM_C,Ectoine_pos,9.64,87993568,7375735,4972325,#N/A,molecules1,143.0817,97.0763
molecules1,230607_Smp_TN397_UKH5_200nM_A,Ectoine_pos,9.66,67101848,6064943,3756243,#N/A,molecules1,143.0817,97.0763
molecules1,230607_Smp_TN397_UKH5_200nM_B,Ectoine_pos,9.66,72746288,6165504,4117327,#N/A,molecules1,143.0817,97.0763
molecules1,230607_Smp_TN397_UKH5_200nM_Blk,Ectoine_pos,9.66,2692463,1055687,134583,#N/A,molecules1,143.0817,97.0763
molecules1,230607_Smp_TN397_UKH5_200nM_C,Ectoine_pos,9.66,72152840,6026784,4066224,#N/A,molecules1,143.0817,97.0763
molecules1,230607_Smp_TN397_UKH5_1000nM_A,Ectoine_pos,9.64,98542304,6063111,5474235,#N/A,molecules1,143.0817,97.0763
molecules1,230607_Smp_TN397_UKH5_1000nM_B,Ectoine_pos,9.64,80518192,6988442,4540434,#N/A,molecules1,143.0817,97.0763
molecules1,230607_Smp_TN397_UKH5_1000nM_C,Ectoine_pos,9.66,91074112,6096414,4967708,#N/A,molecules1,143.0817,97.0763
molecules1,230607_Smp_TN397_UKH5_OnM_A,Ectoine_pos,9.64,87185192,7616903,4899278,#N/A,molecules1,143.0817,97.0763
molecules1,230607_Smp_TN397_UKH5_OnM_B,Ectoine_pos,9.64,83575688,7588001,4851090,#N/A,molecules1,143.0817,97.0763
molecules1,230607_Smp_TN397_UKH5_OnM_C,Ectoine_pos,9.64,80730176,7065510,4479768,#N/A,molecules1,143.0817,97.0763
molecules1,230607_Std_0nM_Homarine_UKH5_1,Ectoine_pos,9.66,30580196,1448149,1746683,#N/A,molecules1,143.0817,68.0501
molecules1,230607_Std_0nM_Homarine_UKH5_2,Ectoine_pos,9.64,28207790,1362301,1581239,#N/A,molecules1,143.0817,68.0501
molecules1,230607_Std_50nM_Homarine_UKH5_1,Ectoine_pos,9.66,29423274,1351391,1692456,#N/A,molecules1,143.0817,68.0501
molecules1,230607_Std_50nM_Homarine_UKH5_2,Ectoine_pos,9.64,28279678,1498815,1633751,#N/A,molecules1,143.0817,68.0501
molecules1,230607_Std_100nM_Homarine_UKH5_1,Ectoine_pos,9.66,30562970,1553030,1788638,#N/A,molecules1,143.0817,68.0501
molecules1,230607_Std_100nM_Homarine_UKH5_2,Ectoine_pos,9.63,29602312,1347462,1684620,#N/A,molecules1,143.0817,68.0501
molecules1,230607_Std_200nM_Homarine_UKH5_1,Ectoine_pos,9.64,29511570,1486655,1676977,#N/A,molecules1,143.0817,68.0501
molecules1,230607_Std_200nM_Homarine_UKH5_2,Ectoine_pos,9.66,28632208,1333601,1615346,#N/A,molecules1,143.0817,68.0501
molecules1,230607_Poo_UKH5_Full1,Ectoine_pos,9.67,29420800,1334212,1659226,#N/A,molecules1,143.0817,68.0501
molecules1,230607_Poo_UKH5_Full2,Ectoine_pos,9.66,25500462,1492200,1421321,#N/A,molecules1,143.0817,68.0501
molecules1,230607_Poo_UKH5_Full3,Ectoine_pos,9.63,26581984,1228464,1475761,#N/A,molecules1,143.0817,68.0501
molecules1,230607_Smp_TN397_UKH5_2nM_A,Ectoine_pos,9.64,26425968,1666876,1506657,#N/A,molecules1,143.0817,68.0501
molecules1,230607_Smp_TN397_UKH5_2nM_B,Ectoine_pos,9.66,20398336,750583,1150701,#N/A,molecules1,143.0817,68.0501
molecules1,230607_Smp_TN397_UKH5_2nM_C,Ectoine_pos,9.63,18337664,1059367,1039080,#N/A,molecules1,143.0817,68.0501
molecules1,230607_Smp_TN397_UKH5_5nM_A,Ectoine_pos,9.61,32292470,1563633,1788957,#N/A,molecules1,143.0817,68.0501
molecules1,230607_Smp_TN397_UKH5_5nM_B,Ectoine_pos,9.66,27442654,1273012,1523369,#N/A,molecules1,143.0817,68.0501
molecules1,230607_Smp_TN397_UKH5_5nM_C,Ectoine_pos,9.64,27725904,2026093,1509882,#N/A,molecules1,143.0817,68.0501
molecules1,230607_Smp_TN397_UKH5_10nM_A,Ectoine_pos,9.66,24771382,1687005,1427198,#N/A,molecules1,143.0817,68.0501
molecules1,230607_Smp_TN397_UKH5_10nM_B,Ectoine_pos,9.66,24917152,1186768,1394657,#N/A,molecules1,143.0817,68.0501
molecules1,230607_Smp_TN397_UKH5_10nM_Blk,Ectoine_pos,9.64,975339,201992,55267,#N/A,molecules1,143.0817,68.0501
molecules1,230607_Smp_TN397_UKH5_10nM_C,Ectoine_pos,9.64,20502992,824260,1151793,#N/A,molecules1,143.0817,68.0501
molecules1,230607_Smp_TN397_UKH5_50nM_A,Ectoine_pos,9.63,31697748,1184698,1761993,#N/A,molecules1,143.0817,68.0501
molecules1,230607_Smp_TN397_UKH5_50nM_B,Ectoine_pos,9.64,25223514,1030593,1411445,#N/A,molecules1,143.0817,68.0501
molecules1,230607_Smp_TN397_UKH5_50nM_C,Ectoine_pos,9.66,30641752,1309580,1734736,#N/A,molecules1,143.0817,68.0501
molecules1,230607_Smp_TN397_UKH5_200nM_A,Ectoine_pos,9.66,23575216,853002,1303239,#N/A,molecules1,143.0817,68.0501
molecules1,230607_Smp_TN397_UKH5_200nM_B,Ectoine_pos,9.64,25090050,1582098,1431783,#N/A,molecules1,143.0817,68.0501
molecules1,230607_Smp_TN397_UKH5_200nM_Blk,Ectoine_pos,9.67,812760,175481,47841,#N/A,molecules1,143.0817,68.0501
molecules1,230607_Smp_TN397_UKH5_200nM_C,Ectoine_pos,9.66,24995164,1039354,1395179,#N/A,molecules1,143.0817,68.0501
molecules1,230607_Smp_TN397_UKH5_1000nM_A,Ectoine_pos,9.64,34299976,1295018,1907638,#N/A,molecules1,143.0817,68.0501
molecules1,230607_Smp_TN397_UKH5_1000nM_B,Ectoine_pos,9.66,28281342,1380139,1568065,#N/A,molecules1,143.0817,68.0501
molecules1,230607_Smp_TN397_UKH5_1000nM_C,Ectoine_pos,9.66,32068716,1090772,1755934,#N/A,molecules1,143.0817,68.0501
molecules1,230607_Smp_TN397_UKH5_OnM_A,Ectoine_pos,9.64,29676842,1737018,1672671,#N/A,molecules1,143.0817,68.0501
molecules1,230607_Smp_TN397_UKH5_OnM_B,Ectoine_pos,9.67,28880932,1209710,1644586,#N/A,molecules1,143.0817,68.0501
molecules1,230607_Smp_TN397_UKH5_OnM_C,Ectoine_pos,9.66,28118770,1545778,1572555,#N/A,molecules1,143.0817,68.0501
molecules1,230607_Std_0nM_Homarine_UKH5_1,Proline betaine,6.85,119620736,7368609,4413278,#N/A,molecules1,144.1957,84.1366
molecules1,230607_Std_0nM_Homarine_UKH5_2,Proline betaine,6.85,100515920,6212360,3684689,#N/A,molecules1,144.1957,84.1366
molecules1,230607_Std_50nM_Homarine_UKH5_1,Proline betaine,6.87,114343448,6813627,4169801,#N/A,molecules1,144.1957,84.1366
molecules1,230607_Std_50nM_Homarine_UKH5_2,Proline betaine,6.84,98865144,5642205,3615072,#N/A,molecules1,144.1957,84.1366
molecules1,230607_Std_100nM_Homarine_UKH5_1,Proline betaine,6.85,112570864,7332462,4255498,#N/A,molecules1,144.1957,84.1366
molecules1,230607_Std_100nM_Homarine_UKH5_2,Proline betaine,6.85,104267040,6675822,3853230,#N/A,molecules1,144.1957,84.1366
molecules1,230607_Std_200nM_Homarine_UKH5_1,Proline betaine,6.88,106025856,5227670,3992387,#N/A,molecules1,144.1957,84.1366
molecules1,230607_Std_200nM_Homarine_UKH5_2,Proline betaine,6.85,100686352,6546319,3670397,#N/A,molecules1,144.1957,84.1366
molecules1,230607_Poo_UKH5_Full1,Proline betaine,6.9,80987024,4044482,3094710,#N/A,molecules1,144.1957,84.1366
molecules1,230607_Poo_UKH5_Full2,Proline betaine,6.88,78229928,3861665,2917601,#N/A,molecules1,144.1957,84.1366
molecules1,230607_Poo_UKH5_Full3,Proline betaine,6.85,79781656,5421208,2875873,#N/A,molecules1,144.1957,84.1366
molecules1,230607_Smp_TN397_UKH5_2nM_A,Proline betaine,6.87,102673128,5953956,3709179,#N/A,molecules1,144.1957,84.1366
molecules1,230607_Smp_TN397_UKH5_2nM_B,Proline betaine,6.85,91697296,5031287,3369820,#N/A,molecules1,144.1957,84.1366
molecules1,230607_Smp_TN397_UKH5_2nM_C,Proline betaine,6.85,86621640,5249750,3134043,#N/A,molecules1,144.1957,84.1366
molecules1,230607_Smp_TN397_UKH5_5nM_A,Proline betaine,6.84,88798848,4061297,3390756,#N/A,molecules1,144.1957,84.1366
molecules1,230607_Smp_TN397_UKH5_5nM_B,Proline betaine,6.9,86511432,3723244,3229173,#N/A,molecules1,144.1957,84.1366
molecules1,230607_Smp_TN397_UKH5_5nM_C,Proline betaine,6.88,90824424,5467515,3327222,#N/A,molecules1,144.1957,84.1366
molecules1,230607_Smp_TN397_UKH5_10nM_A,Proline betaine,6.87,89430272,6329605,3195009,#N/A,molecules1,144.1957,84.1366
molecules1,230607_Smp_TN397_UKH5_10nM_B,Proline betaine,6.87,82297312,5880901,2970358,#N/A,molecules1,144.1957,84.1366
molecules1,230607_Smp_TN397_UKH5_10nM_Blk,Proline betaine,6.82,906342,726433,39728,#N/A,molecules1,144.1957,84.1366
molecules1,230607_Smp_TN397_UKH5_10nM_C,Proline betaine,6.84,66755808,4600268,2412681,#N/A,molecules1,144.1957,84.1366
molecules1,230607_Smp_TN397_UKH5_50nM_A,Proline betaine,6.84,69331256,3419542,2604795,#N/A,molecules1,144.1957,84.1366
molecules1,230607_Smp_TN397_UKH5_50nM_B,Proline betaine,6.84,63435704,3666169,2419291,#N/A,molecules1,144.1957,84.1366
molecules1,230607_Smp_TN397_UKH5_50nM_C,Proline betaine,6.88,71435800,4971664,2681675,#N/A,molecules1,144.1957,84.1366
molecules1,230607_Smp_TN397_UKH5_200nM_A,Proline betaine,6.9,67027784,6466374,2468943,#N/A,molecules1,144.1957,84.1366
molecules1,230607_Smp_TN397_UKH5_200nM_B,Proline betaine,6.85,62272500,3821277,2358544,#N/A,molecules1,144.1957,84.1366
molecules1,230607_Smp_TN397_UKH5_200nM_Blk,Proline betaine,6.81,1301579,614121,51127,#N/A,molecules1,144.1957,84.1366
molecules1,230607_Smp_TN397_UKH5_200nM_C,Proline betaine,6.88,61881720,4729860,2370259,#N/A,molecules1,144.1957,84.1366
molecules1,230607_Smp_TN397_UKH5_1000nM_A,Proline betaine,6.88,65475876,5001207,2481277,#N/A,molecules1,144.1957,84.1366
molecules1,230607_Smp_TN397_UKH5_1000nM_B,Proline betaine,6.88,61960184,4690218,2387608,#N/A,molecules1,144.1957,84.1366
molecules1,230607_Smp_TN397_UKH5_1000nM_C,Proline betaine,6.9,62301684,4422529,2410888,#N/A,molecules1,144.1957,84.1366
molecules1,230607_Smp_TN397_UKH5_OnM_A,Proline betaine,6.87,128835032,7523214,4676885,#N/A,molecules1,144.1957,84.1366
molecules1,230607_Smp_TN397_UKH5_OnM_B,Proline betaine,6.85,109333056,6370472,3975827,#N/A,molecules1,144.1957,84.1366
molecules1,230607_Smp_TN397_UKH5_OnM_C,Proline betaine,6.85,125088232,6895017,4575722,#N/A,molecules1,144.1957,84.1366
molecules1,230607_Std_0nM_Homarine_UKH5_1,Proline betaine,6.87,140757472,5156185,5195719,#N/A,molecules1,144.1957,58.1188
molecules1,230607_Std_0nM_Homarine_UKH5_2,Proline betaine,6.87,126455240,4958532,4650567,#N/A,molecules1,144.1957,58.1188
molecules1,230607_Std_50nM_Homarine_UKH5_1,Proline betaine,6.85,135917792,5135022,5066171,#N/A,molecules1,144.1957,58.1188
molecules1,230607_Std_50nM_Homarine_UKH5_2,Proline betaine,6.84,122159928,3892877,4443188,#N/A,molecules1,144.1957,58.1188
molecules1,230607_Std_100nM_Homarine_UKH5_1,Proline betaine,6.85,137638608,5280804,5101952,#N/A,molecules1,144.1957,58.1188
molecules1,230607_Std_100nM_Homarine_UKH5_2,Proline betaine,6.84,131273224,5078964,4807081,#N/A,molecules1,144.1957,58.1188
molecules1,230607_Std_200nM_Homarine_UKH5_1,Proline betaine,6.88,129412768,3889765,4960314,#N/A,molecules1,144.1957,58.1188
molecules1,230607_Std_200nM_Homarine_UKH5_2,Proline betaine,6.85,126858224,5723080,4780954,#N/A,molecules1,144.1957,58.1188
molecules1,230607_Poo_UKH5_Full1,Proline betaine,6.87,99451320,3794534,3860907,#N/A,molecules1,144.1957,58.1188
molecules1,230607_Poo_UKH5_Full2,Proline betaine,6.88,98401152,3239832,3779827,#N/A,molecules1,144.1957,58.1188
molecules1,230607_Poo_UKH5_Full3,Proline betaine,6.85,98062720,4574587,3565125,#N/A,molecules1,144.1957,58.1188
molecules1,230607_Smp_TN397_UKH5_2nM_A,Proline betaine,6.88,126566440,4754091,4636529,#N/A,molecules1,144.1957,58.1188
molecules1,230607_Smp_TN397_UKH5_2nM_B,Proline betaine,6.9,114278744,4194253,4268367,#N/A,molecules1,144.1957,58.1188
molecules1,230607_Smp_TN397_UKH5_2nM_C,Proline betaine,6.85,110200648,3878730,4060347,#N/A,molecules1,144.1957,58.1188
molecules1,230607_Smp_TN397_UKH5_5nM_A,Proline betaine,6.85,111466656,3495853,4338241,#N/A,molecules1,144.1957,58.1188
molecules1,230607_Smp_TN397_UKH5_5nM_B,Proline betaine,6.88,108266440,3326395,4168167,#N/A,molecules1,144.1957,58.1188
molecules1,230607_Smp_TN397_UKH5_5nM_C,Proline betaine,6.9,112591144,4893346,4143515,#N/A,molecules1,144.1957,58.1188
molecules1,230607_Smp_TN397_UKH5_10nM_A,Proline betaine,6.87,110019648,5106827,4124676,#N/A,molecules1,144.1957,58.1188
molecules1,230607_Smp_TN397_UKH5_10nM_B,Proline betaine,6.9,99779744,6284419,3709179,#N/A,molecules1,144.1957,58.1188
molecules1,230607_Smp_TN397_UKH5_10nM_Blk,Proline betaine,6.84,1287945,662844,53707,#N/A,molecules1,144.1957,58.1188
molecules1,230607_Smp_TN397_UKH5_10nM_C,Proline betaine,6.84,83636448,3183360,3063436,#N/A,molecules1,144.1957,58.1188
molecules1,230607_Smp_TN397_UKH5_50nM_A,Proline betaine,6.85,86973168,3056566,3334304,#N/A,molecules1,144.1957,58.1188
molecules1,230607_Smp_TN397_UKH5_50nM_B,Proline betaine,6.84,79859016,2962491,3031378,#N/A,molecules1,144.1957,58.1188
molecules1,230607_Smp_TN397_UKH5_50nM_C,Proline betaine,6.85,89920080,3959649,3424872,#N/A,molecules1,144.1957,58.1188
molecules1,230607_Smp_TN397_UKH5_200nM_A,Proline betaine,6.9,82164712,6021798,3132260,#N/A,molecules1,144.1957,58.1188
molecules1,230607_Smp_TN397_UKH5_200nM_B,Proline betaine,6.9,78023480,3353832,3023782,#N/A,molecules1,144.1957,58.1188
molecules1,230607_Smp_TN397_UKH5_200nM_Blk,Proline betaine,6.84,1591264,651894,63379,#N/A,molecules1,144.1957,58.1188
molecules1,230607_Smp_TN397_UKH5_200nM_C,Proline betaine,6.9,78521072,3400791,3006826,#N/A,molecules1,144.1957,58.1188
molecules1,230607_Smp_TN397_UKH5_1000nM_A,Proline betaine,6.87,79752272,4749656,3022135,#N/A,molecules1,144.1957,58.1188
molecules1,230607_Smp_TN397_UKH5_1000nM_B,Proline betaine,6.88,77300448,4617374,2959680,#N/A,molecules1,144.1957,58.1188
molecules1,230607_Smp_TN397_UKH5_1000nM_C,Proline betaine,6.88,78275352,4550687,2980972,#N/A,molecules1,144.1957,58.1188
molecules1,230607_Smp_TN397_UKH5_OnM_A,Proline betaine,6.9,158749920,5868435,5805916,#N/A,molecules1,144.1957,58.1188
molecules1,230607_Smp_TN397_UKH5_OnM_B,Proline betaine,6.87,134330528,4673506,5005227,#N/A,molecules1,144.1957,58.1188
molecules1,230607_Smp_TN397_UKH5_OnM_C,Proline betaine,6.88,154479328,5884766,5633886,#N/A,molecules1,144.1957,58.1188
molecules1,230607_Std_0nM_Homarine_UKH5_1,Carnitine,9.89,104910200,8178921,5487460,#N/A,molecules1,162.2319,102.9454
molecules1,230607_Std_0nM_Homarine_UKH5_2,Carnitine,9.89,98492560,6935743,5073315,#N/A,molecules1,162.2319,102.9454
molecules1,230607_Std_50nM_Homarine_UKH5_1,Carnitine,9.89,100202248,7325270,5287092,#N/A,molecules1,162.2319,102.9454
molecules1,230607_Std_50nM_Homarine_UKH5_2,Carnitine,9.89,93332160,6749896,4768060,#N/A,molecules1,162.2319,102.9454
molecules1,230607_Std_100nM_Homarine_UKH5_1,Carnitine,9.9,102118368,7186699,5267956,#N/A,molecules1,162.2319,102.9454
molecules1,230607_Std_100nM_Homarine_UKH5_2,Carnitine,9.9,102305744,6488766,5107282,#N/A,molecules1,162.2319,102.9454
molecules1,230607_Std_200nM_Homarine_UKH5_1,Carnitine,9.9,100907360,7370347,5168869,#N/A,molecules1,162.2319,102.9454
molecules1,230607_Std_200nM_Homarine_UKH5_2,Carnitine,9.89,100196024,6762215,5094620,#N/A,molecules1,162.2319,102.9454
molecules1,230607_Poo_UKH5_Full1,Carnitine,9.92,121504120,7201784,6367075,#N/A,molecules1,162.2319,102.9454
molecules1,230607_Poo_UKH5_Full2,Carnitine,9.92,117888144,5197180,5917491,#N/A,molecules1,162.2319,102.9454
molecules1,230607_Poo_UKH5_Full3,Carnitine,9.9,118068432,6514258,5984701,#N/A,molecules1,162.2319,102.9454
molecules1,230607_Smp_TN397_UKH5_2nM_A,Carnitine,9.92,128764352,5897600,6456069,#N/A,molecules1,162.2319,102.9454
molecules1,230607_Smp_TN397_UKH5_2nM_B,Carnitine,9.92,86149944,6244206,4390449,#N/A,molecules1,162.2319,102.9454
molecules1,230607_Smp_TN397_UKH5_2nM_C,Carnitine,9.89,80419112,5712302,4050972,#N/A,molecules1,162.2319,102.9454
molecules1,230607_Smp_TN397_UKH5_5nM_A,Carnitine,9.89,166356176,6504766,8265310,#N/A,molecules1,162.2319,102.9454
molecules1,230607_Smp_TN397_UKH5_5nM_B,Carnitine,9.92,126351520,5285687,6401349,#N/A,molecules1,162.2319,102.9454
molecules1,230607_Smp_TN397_UKH5_5nM_C,Carnitine,9.92,132040632,6737439,6561181,#N/A,molecules1,162.2319,102.9454
molecules1,230607_Smp_TN397_UKH5_10nM_A,Carnitine,9.92,103455264,5612251,5222101,#N/A,molecules1,162.2319,102.9454
molecules1,230607_Smp_TN397_UKH5_10nM_B,Carnitine,9.92,104785784,5997515,5174404,#N/A,molecules1,162.2319,102.9454
molecules1,230607_Smp_TN397_UKH5_10nM_Blk,Carnitine,9.89,2344030,951050,120148,#N/A,molecules1,162.2319,102.9454
molecules1,230607_Smp_TN397_UKH5_10nM_C,Carnitine,9.89,84102024,4726812,4273572,#N/A,molecules1,162.2319,102.9454
molecules1,230607_Smp_TN397_UKH5_50nM_A,Carnitine,9.89,134994352,5592618,6810875,#N/A,molecules1,162.2319,102.9454
molecules1,230607_Smp_TN397_UKH5_50nM_B,Carnitine,9.89,113176848,4879909,5846266,#N/A,molecules1,162.2319,102.9454
molecules1,230607_Smp_TN397_UKH5_50nM_C,Carnitine,9.9,127635784,6025405,6434049,#N/A,molecules1,162.2319,102.9454
molecules1,230607_Smp_TN397_UKH5_200nM_A,Carnitine,9.93,121915688,4735562,6075432,#N/A,molecules1,162.2319,102.9454
molecules1,230607_Smp_TN397_UKH5_200nM_B,Carnitine,9.92,114479224,4951342,5640323,#N/A,molecules1,162.2319,102.9454
molecules1,230607_Smp_TN397_UKH5_200nM_Blk,Carnitine,9.89,1240576,748131,63647,#N/A,molecules1,162.2319,102.9454
molecules1,230607_Smp_TN397_UKH5_200nM_C,Carnitine,9.92,113652016,5567717,5729239,#N/A,molecules1,162.2319,102.9454
molecules1,230607_Smp_TN397_UKH5_1000nM_A,Carnitine,9.9,125796096,4839718,6190839,#N/A,molecules1,162.2319,102.9454
molecules1,230607_Smp_TN397_UKH5_1000nM_B,Carnitine,9.93,124728112,5421140,6098640,#N/A,molecules1,162.2319,102.9454
molecules1,230607_Smp_TN397_UKH5_1000nM_C,Carnitine,9.92,128925776,4246660,6342498,#N/A,molecules1,162.2319,102.9454
molecules1,230607_Smp_TN397_UKH5_OnM_A,Carnitine,9.9,140545488,6742807,7206429,#N/A,molecules1,162.2319,102.9454
molecules1,230607_Smp_TN397_UKH5_OnM_B,Carnitine,9.92,94684184,7129078,5045758,#N/A,molecules1,162.2319,102.9454
molecules1,230607_Smp_TN397_UKH5_OnM_C,Carnitine,9.92,134446432,7361096,6811465,#N/A,molecules1,162.2319,102.9454
molecules1,230607_Std_0nM_Homarine_UKH5_1,Carnitine,10.02,237450496,7366908,10468448,#N/A,molecules1,162.2319,60.1367
molecules1,230607_Std_0nM_Homarine_UKH5_2,Carnitine,10.01,228056928,7728966,9932877,#N/A,molecules1,162.2319,60.1367
molecules1,230607_Std_50nM_Homarine_UKH5_1,Carnitine,10.02,225805504,6898277,10025866,#N/A,molecules1,162.2319,60.1367
molecules1,230607_Std_50nM_Homarine_UKH5_2,Carnitine,10.02,224310752,6086112,9745452,#N/A,molecules1,162.2319,60.1367
molecules1,230607_Std_100nM_Homarine_UKH5_1,Carnitine,10.02,227482320,7796307,10168946,#N/A,molecules1,162.2319,60.1367
molecules1,230607_Std_100nM_Homarine_UKH5_2,Carnitine,10.02,236120800,7839631,10327674,#N/A,molecules1,162.2319,60.1367
molecules1,230607_Std_200nM_Homarine_UKH5_1,Carnitine,10.04,232167616,6620099,10156834,#N/A,molecules1,162.2319,60.1367
molecules1,230607_Std_200nM_Homarine_UKH5_2,Carnitine,10.02,233089248,7320462,10080170,#N/A,molecules1,162.2319,60.1367
molecules1,230607_Poo_UKH5_Full1,Carnitine,10.02,239505040,7919273,10346250,#N/A,molecules1,162.2319,60.1367
molecules1,230607_Poo_UKH5_Full2,Carnitine,10.02,239449904,6274080,10096003,#N/A,molecules1,162.2319,60.1367
molecules1,230607_Poo_UKH5_Full3,Carnitine,10.01,236060496,7278930,10031568,#N/A,molecules1,162.2319,60.1367
molecules1,230607_Smp_TN397_UKH5_2nM_A,Carnitine,10.02,268965472,7367939,11295457,#N/A,molecules1,162.2319,60.1367
molecules1,230607_Smp_TN397_UKH5_2nM_B,Carnitine,10.02,196375008,6161222,8586195,#N/A,molecules1,162.2319,60.1367
molecules1,230607_Smp_TN397_UKH5_2nM_C,Carnitine,9.98,179813760,5404837,7662785,#N/A,molecules1,162.2319,60.1367
molecules1,230607_Smp_TN397_UKH5_5nM_A,Carnitine,9.98,296907904,8290399,12082814,#N/A,molecules1,162.2319,60.1367
molecules1,230607_Smp_TN397_UKH5_5nM_B,Carnitine,10.02,254599504,7834410,10699064,#N/A,molecules1,162.2319,60.1367
molecules1,230607_Smp_TN397_UKH5_5nM_C,Carnitine,10.02,268678112,8820240,11278859,#N/A,molecules1,162.2319,60.1367
molecules1,230607_Smp_TN397_UKH5_10nM_A,Carnitine,10.01,217628928,6249599,9313840,#N/A,molecules1,162.2319,60.1367
molecules1,230607_Smp_TN397_UKH5_10nM_B,Carnitine,10.01,225247808,6514568,9430692,#N/A,molecules1,162.2319,60.1367
molecules1,230607_Smp_TN397_UKH5_10nM_Blk,Carnitine,10.01,3717752,724088,163141,#N/A,molecules1,162.2319,60.1367
molecules1,230607_Smp_TN397_UKH5_10nM_C,Carnitine,10.01,188963280,5177351,8030654,#N/A,molecules1,162.2319,60.1367
molecules1,230607_Smp_TN397_UKH5_50nM_A,Carnitine,10.01,258602160,6674718,10858831,#N/A,molecules1,162.2319,60.1367
molecules1,230607_Smp_TN397_UKH5_50nM_B,Carnitine,9.98,215457200,5899901,9151435,#N/A,molecules1,162.2319,60.1367
molecules1,230607_Smp_TN397_UKH5_50nM_C,Carnitine,10.01,239800624,7973149,10345373,#N/A,molecules1,162.2319,60.1367
molecules1,230607_Smp_TN397_UKH5_200nM_A,Carnitine,10.02,234215504,6197831,10044685,#N/A,molecules1,162.2319,60.1367
molecules1,230607_Smp_TN397_UKH5_200nM_B,Carnitine,10.02,221272960,6237426,9241621,#N/A,molecules1,162.2319,60.1367
molecules1,230607_Smp_TN397_UKH5_200nM_Blk,Carnitine,9.93,1469738,519417,67454,#N/A,molecules1,162.2319,60.1367
molecules1,230607_Smp_TN397_UKH5_200nM_C,Carnitine,10.02,216583408,6831862,9242668,#N/A,molecules1,162.2319,60.1367
molecules1,230607_Smp_TN397_UKH5_1000nM_A,Carnitine,10.02,223192576,5879144,8994660,#N/A,molecules1,162.2319,60.1367
molecules1,230607_Smp_TN397_UKH5_1000nM_B,Carnitine,10.01,229945312,6745538,9222766,#N/A,molecules1,162.2319,60.1367
molecules1,230607_Smp_TN397_UKH5_1000nM_C,Carnitine,10.02,233151968,5971844,9518653,#N/A,molecules1,162.2319,60.1367
molecules1,230607_Smp_TN397_UKH5_OnM_A,Carnitine,10.02,299243008,9058616,12852914,#N/A,molecules1,162.2319,60.1367
molecules1,230607_Smp_TN397_UKH5_OnM_B,Carnitine,10.01,220182176,7694091,9813385,#N/A,molecules1,162.2319,60.1367
molecules1,230607_Smp_TN397_UKH5_OnM_C,Carnitine,10.02,286116256,8642588,12114009,#N/A,molecules1,162.2319,60.1367
