experiment_id,station,depth_m,cast,niskin,sample_type,sample_origin,dissolved,particulate,parent_id,sample_id,vol_filt_l,collection_timestamp_UTC,start_filt_timestamp_UTC,end_filt_timestamp_UTC,notes,spike_timestamp_UTC
depth_profiles,1,1,1,10,METABS,CTD,2,1,S1_C1_5m,S1_C1_5m_A,2,2022-06-03T23:00:00Z,2022-06-03T23:30:00Z,NA,NA,NA
depth_profiles,1,1,1,11,METABS,CTD,2,1,S1_C1_5m,S1_C1_5m_B,2,2022-06-03T23:00:00Z,2022-06-03T23:30:00Z,NA,NA,NA
depth_profiles,1,1,1,12,METABS,CTD,2,1,S1_C1_5m,S1_C1_5m_C,2,2022-06-03T23:00:00Z,2022-06-03T23:30:00Z,NA,NA,NA
depth_profiles,1,4,1,4,METABS,CTD,2,1,S1_C1_DCM,S1_C1_DCM_A,2.5,2022-06-03T22:25:00Z,2022-06-04T01:12:00Z,2022-06-04T01:35:00Z,NA,NA
depth_profiles,1,4,1,5,METABS,CTD,2,1,S1_C1_DCM,S1_C1_DCM_B,1.5,2022-06-03T22:25:00Z,2022-06-04T01:00:00Z,2022-06-04T01:05:00Z,NA,NA
depth_profiles,1,4,1,6,METABS,CTD,2,1,S1_C1_DCM,S1_C1_DCM_C,1,2022-06-03T22:25:00Z,2022-06-04T00:00:00Z,2022-06-04T00:30:00Z,BAD,NA
depth_profiles,2,3,1,4,METABS,CTD,2,1,S2_C1_SRF,S2_C1_SRF_A,3.5,2022-06-04T02:30:00Z,2022-06-04T03:02:00Z,2022-06-04T03:55:00Z,CHANGED LABEL,NA
depth_profiles,2,3,1,5,METABS,CTD,2,1,S2_C1_SRF,S2_C1_SRF_B,3,2022-06-04T02:30:00Z,2022-06-04T03:02:00Z,2022-06-04T03:48:00Z,LABELED A,NA
depth_profiles,2,3,1,6,METABS,CTD,2,1,S2_C1_SRF,S2_C1_SRF_C,3.5,2022-06-04T02:30:00Z,2022-06-04T03:02:00Z,2022-06-04T03:41:00Z,NA,NA
depth_profiles,2,135,2,1,METABS,CTD,2,1,S2_C2_D1,S2_C2_D1_A,4.5,2022-06-04T13:30:00Z,2022-06-04T14:02:00Z,2022-06-04T14:53:00Z,NA,NA
depth_profiles,2,135,2,2,METABS,CTD,2,1,S2_C2_D1,S2_C2_D1_B,4.8,2022-06-04T13:30:00Z,2022-06-04T14:02:00Z,2022-06-04T14:52:00Z,NA,NA
depth_profiles,2,135,2,3,METABS,CTD,2,1,S2_C2_D1,S2_C2_D1_C,4.8,2022-06-04T13:30:00Z,2022-06-04T14:02:00Z,2022-06-04T14:45:00Z,NA,NA
depth_profiles,2,65,2,7,METABS,CTD,2,1,S2_C2_D2,S2_C2_D2_A,4,2022-06-04T13:30:00Z,2022-06-04T14:00:00Z,2022-06-04T14:50:00Z,NA,NA
depth_profiles,2,65,2,8,METABS,CTD,2,1,S2_C2_D2,S2_C2_D2_B,4.5,2022-06-04T13:30:00Z,2022-06-04T14:00:00Z,2022-06-04T14:45:00Z,NA,NA
depth_profiles,2,65,2,9,METABS,CTD,2,1,S2_C2_D2,S2_C2_D2_C,4.3,2022-06-04T13:30:00Z,2022-06-04T14:00:00Z,2022-06-04T14:50:00Z,NA,NA
depth_profiles,2,45,3,1,METABS,CTD,2,1,S2_C3_D3,S2_C3_D3_A,4,2022-06-04T15:30:00Z,2022-06-04T16:07:00Z,2022-06-04T16:50:00Z,NA,NA
depth_profiles,2,45,3,2,METABS,CTD,2,1,S2_C3_D3,S2_C3_D3_B,4.5,2022-06-04T15:30:00Z,2022-06-04T16:07:00Z,2022-06-04T16:50:00Z,NA,NA
depth_profiles,2,45,3,3,METABS,CTD,2,1,S2_C3_D3,S2_C3_D3_C,4.575,2022-06-04T15:30:00Z,2022-06-04T16:07:00Z,2022-06-04T16:50:00Z,NA,NA
depth_profiles,2,30,3,7,METABS,CTD,2,1,S2_C3_D4,S2_C3_D4_A,4,2022-06-04T15:30:00Z,2022-06-04T16:09:00Z,2022-06-04T16:50:00Z,NA,NA
depth_profiles,2,30,3,8,METABS,CTD,2,1,S2_C3_D4,S2_C3_D4_B,4,2022-06-04T15:30:00Z,2022-06-04T16:09:00Z,2022-06-04T16:50:00Z,NA,NA
depth_profiles,2,30,3,9,METABS,CTD,2,1,S2_C3_D4,S2_C3_D4_C,4.5,2022-06-04T15:30:00Z,2022-06-04T16:09:00Z,2022-06-04T16:50:00Z,NA,NA
depth_profiles,2,15,4,1,METABS,CTD,2,1,S2_C4_D5,S2_C4_D5_A,2.8,2022-06-04T17:30:00Z,2022-06-04T18:10:00Z,2022-06-04T18:35:00Z,NA,NA
depth_profiles,2,15,4,2,METABS,CTD,2,1,S2_C4_D5,S2_C4_D5_B,2.5,2022-06-04T17:30:00Z,2022-06-04T18:10:00Z,2022-06-04T18:35:00Z,NA,NA
depth_profiles,2,15,4,3,METABS,CTD,2,1,S2_C4_D5,S2_C4_D5_C,2.6,2022-06-04T17:30:00Z,2022-06-04T18:10:00Z,2022-06-04T18:35:00Z,NA,NA
depth_profiles,2,4,4,7,METABS,CTD,2,1,S2_C4_D6,S2_C4_D6_A,3,2022-06-04T17:30:00Z,2022-06-04T18:10:00Z,2022-06-04T18:35:00Z,NA,NA
depth_profiles,2,4,4,8,METABS,CTD,2,1,S2_C4_D6,S2_C4_D6_B,3,2022-06-04T17:30:00Z,2022-06-04T18:10:00Z,2022-06-04T18:35:00Z,NA,NA
depth_profiles,2,4,4,9,METABS,CTD,2,1,S2_C4_D6,S2_C4_D6_C,3,2022-06-04T17:30:00Z,2022-06-04T18:10:00Z,2022-06-04T18:35:00Z,NA,NA
depth_profiles,3,230,1,1,METABS,CTD,2,1,S3_C1_D1,S3_C1_D1_A,3.1,2022-06-05T16:00:00Z,2022-06-05T16:47:00Z,2022-06-05T17:23:00Z,NEPHLOID LAYER,NA
depth_profiles,3,230,1,2,METABS,CTD,2,1,S3_C1_D1,S3_C1_D1_B,3.5,2022-06-05T16:00:00Z,2022-06-05T16:47:00Z,2022-06-05T17:29:00Z,NEPHLOID LAYER,NA
depth_profiles,3,230,1,3,METABS,CTD,2,1,S3_C1_D1,S3_C1_D1_C,3.8,2022-06-05T16:00:00Z,2022-06-05T16:47:00Z,2022-06-05T17:29:00Z,NEPHLOID LAYER,NA
depth_profiles,3,100,1,7,METABS,CTD,2,1,S3_C1_D2,S3_C1_D2_A,5.5,2022-06-05T16:00:00Z,2022-06-05T16:52:00Z,2022-06-05T17:40:00Z,NA,NA
depth_profiles,3,100,1,8,METABS,CTD,2,1,S3_C1_D2,S3_C1_D2_B,5,2022-06-05T16:00:00Z,2022-06-05T16:52:00Z,2022-06-05T17:40:00Z,NA,NA
depth_profiles,3,100,1,9,METABS,CTD,2,1,S3_C1_D2,S3_C1_D2_C,5.25,2022-06-05T16:00:00Z,2022-06-05T16:52:00Z,2022-06-05T17:40:00Z,NA,NA
depth_profiles,3,10,2,1,METABS,CTD,2,1,S3_C2_D3,S3_C2_D3_A,4,2022-06-05T18:00:00Z,2022-06-05T18:43:00Z,2022-06-05T19:27:00Z,NA,NA
depth_profiles,3,10,2,2,METABS,CTD,2,1,S3_C2_D3,S3_C2_D3_B,4,2022-06-05T18:00:00Z,2022-06-05T18:44:00Z,2022-06-05T19:27:00Z,NA,NA
depth_profiles,3,10,2,3,METABS,CTD,2,1,S3_C2_D3,S3_C2_D3_C,4,2022-06-05T18:00:00Z,2022-06-05T18:45:00Z,2022-06-05T19:27:00Z,NA,NA
depth_profiles,3,4,2,7,METABS,CTD,2,1,S3_C2_D4,S3_C2_D4_A,4.75,2022-06-05T18:00:00Z,2022-06-05T18:49:00Z,2022-06-05T19:30:00Z,NA,NA
depth_profiles,3,4,2,8,METABS,CTD,2,1,S3_C2_D4,S3_C2_D4_B,3.5,2022-06-05T18:00:00Z,2022-06-05T18:49:00Z,2022-06-05T19:30:00Z,NA,NA
depth_profiles,3,4,2,9,METABS,CTD,2,1,S3_C2_D4,S3_C2_D4_C,4.5,2022-06-05T18:00:00Z,2022-06-05T18:49:00Z,2022-06-05T19:30:00Z,NA,NA
depth_profiles,5,0,NA,NA,METABS,CTD,2,1,S4_C1_D1,S4_C1_D1_A,3.1,2022-06-06T19:00:00Z,2022-06-06T23:30:00Z,2022-06-06T23:57:00Z,"Sample ID says S4, but this is actually station 5",NA
depth_profiles,5,0,NA,NA,METABS,CTD,2,1,S4_C1_D1,S4_C1_D1_B,3,2022-06-06T19:00:00Z,2022-06-06T23:30:00Z,2022-06-06T23:57:00Z,NA,NA
depth_profiles,5,0,NA,NA,METABS,CTD,2,1,S4_C1_D1,S4_C1_D1_C,3.2,2022-06-06T19:00:00Z,2022-06-06T23:30:00Z,2022-06-06T23:57:00Z,NA,NA
depth_profiles,5,0,NA,NA,METABS,CTD,2,1,S4_C1_D2,S4_C1_D2_A,3.25,2022-06-06T19:00:00Z,2022-06-06T23:35:00Z,2022-06-06T23:57:00Z,NA,NA
depth_profiles,5,0,NA,NA,METABS,CTD,2,1,S4_C1_D2,S4_C1_D2_B,2.5,2022-06-06T19:00:00Z,2022-06-06T23:35:00Z,2022-06-06T23:57:00Z,NA,NA
depth_profiles,5,0,NA,NA,METABS,CTD,2,1,S4_C1_D2,S4_C1_D2_C,2.9,2022-06-06T19:00:00Z,2022-06-06T23:35:00Z,2022-06-06T23:57:00Z,NA,NA
depth_profiles,5,0,NA,NA,METABS,CTD,2,1,S4_C2_D3,S4_C2_D3_A,4.25,2022-06-06T19:00:00Z,2022-06-07T01:13:00Z,2022-06-07T01:40:00Z,D3 and D4 labels switched,NA
depth_profiles,5,0,NA,NA,METABS,CTD,2,1,S4_C2_D3,S4_C2_D3_B,4,2022-06-06T19:00:00Z,2022-06-07T01:13:00Z,2022-06-07T01:40:00Z,D3 and D4 labels switched,NA
depth_profiles,5,0,NA,NA,METABS,CTD,2,1,S4_C2_D3,S4_C2_D3_C,3.5,2022-06-06T19:00:00Z,2022-06-07T01:13:00Z,2022-06-07T01:40:00Z,D3 and D4 labels switched,NA
depth_profiles,5,0,NA,NA,METABS,CTD,2,1,S4_C2_D4,S4_C2_D4_A,3.75,2022-06-06T19:00:00Z,2022-06-07T01:13:00Z,2022-06-07T01:40:00Z,D3 and D4 labels switched,NA
depth_profiles,5,0,NA,NA,METABS,CTD,2,1,S4_C2_D4,S4_C2_D4_B,3.1,2022-06-06T19:00:00Z,2022-06-07T01:13:00Z,2022-06-07T01:40:00Z,D3 and D4 labels switched,NA
depth_profiles,5,0,NA,NA,METABS,CTD,2,1,S4_C2_D4,S4_C2_D4_C,3.5,2022-06-06T19:00:00Z,2022-06-07T01:13:00Z,2022-06-07T01:40:00Z,D3 and D4 labels switched,NA
depth_profiles,5,0,NA,NA,METABS,CTD,2,1,S4_C3_D5,S4_C3_D5_A,NA,2022-06-06T19:00:00Z,NA,NA,NA,NA
depth_profiles,5,0,NA,NA,METABS,CTD,2,1,S4_C3_D5,S4_C3_D5_B,NA,2022-06-06T19:00:00Z,NA,NA,NA,NA
depth_profiles,5,0,NA,NA,METABS,CTD,2,1,S4_C3_D5,S4_C3_D5_C,NA,2022-06-06T19:00:00Z,NA,NA,NA,NA
depth_profiles,5,0,NA,NA,METABS,CTD,2,1,S4_C3_D6,S4_C3_D6_A,NA,2022-06-06T19:00:00Z,NA,NA,NA,NA
depth_profiles,5,0,NA,NA,METABS,CTD,2,1,S4_C3_D6,S4_C3_D6_B,NA,2022-06-06T19:00:00Z,NA,NA,NA,NA
depth_profiles,5,0,NA,NA,METABS,CTD,2,1,S4_C3_D6,S4_C3_D6_C,NA,2022-06-06T19:00:00Z,NA,NA,NA,NA
depth_profiles,5,0,NA,NA,METABS,CTD,2,1,S4_C1_D1,S4_C1_D1_Blk,0.5,NA,NA,NA,Blanks filtered by just refiltering the filtered seawater from each corresponding sample,NA
depth_profiles,5,0,NA,NA,METABS,CTD,2,1,S4_C1_D2,S4_C1_D2_Blk,0.5,NA,NA,NA,Blanks filtered by just refiltering the filtered seawater from each corresponding sample,NA
depth_profiles,5,0,NA,NA,METABS,CTD,2,1,S4_C2_D3,S4_C2_D3_Blk,0.5,NA,NA,NA,Blanks filtered by just refiltering the filtered seawater from each corresponding sample,NA
depth_profiles,5,0,NA,NA,METABS,CTD,2,1,S4_C2_D4,S4_C2_D4_Blk,0.5,NA,NA,NA,Blanks filtered by just refiltering the filtered seawater from each corresponding sample,NA
depth_profiles,5,4,NA,NA,METABS,CTD,2,1,S5_C3_D3,S5_C3_D3_A,1.2,2022-06-07T19:00:00Z,2022-06-07T17:23:00Z,2022-06-07T17:35:00Z,NA,NA
depth_profiles,5,4,NA,NA,METABS,CTD,2,1,S5_C3_D3,S5_C3_D3_B,2,2022-06-07T19:00:00Z,2022-06-07T17:23:00Z,2022-06-07T17:43:00Z,NA,NA
depth_profiles,5,4,NA,NA,METABS,CTD,2,1,S5_C3_D3,S5_C3_D3_C,1.6,2022-06-07T19:00:00Z,2022-06-07T17:23:00Z,2022-06-07T17:41:00Z,NA,NA
depth_profiles,5,9,NA,NA,METABS,CTD,2,1,S5_C3_D2,S5_C3_D2_A,1.8,2022-06-07T19:00:00Z,2022-06-07T18:13:00Z,2022-06-07T18:33:00Z,NA,NA
depth_profiles,5,9,NA,NA,METABS,CTD,2,1,S5_C3_D2,S5_C3_D2_B,1.8,2022-06-07T19:00:00Z,2022-06-07T18:13:00Z,2022-06-07T18:33:00Z,NA,NA
depth_profiles,5,9,NA,NA,METABS,CTD,2,1,S5_C3_D2,S5_C3_D2_C,1.8,2022-06-07T19:00:00Z,2022-06-07T18:19:00Z,2022-06-07T18:41:00Z,NA,NA
depth_profiles,5,30,NA,NA,METABS,CTD,2,1,S5_C3_D1,S5_C3_D1_A,2,2022-06-07T19:00:00Z,2022-06-07T17:50:00Z,2022-06-07T18:08:00Z,NA,NA
depth_profiles,5,30,NA,NA,METABS,CTD,2,1,S5_C3_D1,S5_C3_D1_B,2,2022-06-07T19:00:00Z,2022-06-07T17:52:00Z,2022-06-07T18:08:00Z,NA,NA
depth_profiles,5,30,NA,NA,METABS,CTD,2,1,S5_C3_D1,S5_C3_D1_C,2,2022-06-07T19:00:00Z,2022-06-07T18:00:00Z,2022-06-07T18:15:00Z,NA,NA
depth_profiles,6,8,NA,NA,METABS,CTD,2,1,S6_C1_D1,S6_C1_D1_A,2.2,2022-06-08T00:30:00Z,2022-06-08T00:22:00Z,2022-06-08T00:55:00Z,"""Not prefiltered with 100um mesh. Whole seawater psuedo nitchia blume""",NA
depth_profiles,6,8,NA,NA,METABS,CTD,2,1,S6_C1_D1,S6_C1_D1_B,2.1,2022-06-08T00:30:00Z,2022-06-08T00:22:00Z,2022-06-08T00:55:00Z,NA,NA
depth_profiles,6,8,NA,NA,METABS,CTD,2,1,S6_C1_D1,S6_C1_D1_C,2,2022-06-08T00:30:00Z,2022-06-08T00:22:00Z,2022-06-08T00:55:00Z,NA,NA
depth_profiles,6,4,NA,NA,METABS,CTD,2,1,S6_C1_D2,S6_C1_D2_A,1.75,2022-06-08T00:30:00Z,2022-06-08T00:22:00Z,2022-06-08T00:55:00Z,NA,NA
depth_profiles,6,4,NA,NA,METABS,CTD,2,1,S6_C1_D2,S6_C1_D2_B,1.5,2022-06-08T00:30:00Z,2022-06-08T00:22:00Z,2022-06-08T00:55:00Z,NA,NA
depth_profiles,6,4,NA,NA,METABS,CTD,2,1,S6_C1_D2,S6_C1_D2_C,2,2022-06-08T00:30:00Z,2022-06-08T00:22:00Z,2022-06-08T00:55:00Z,NA,NA
depth_profiles,6,50,NA,NA,METABS,CTD,2,1,S6_C2_D3,S6_C2_D3_A,4.2,2022-06-08T02:00:00Z,2022-06-08T02:10:00Z,2022-06-08T02:45:00Z,NA,NA
depth_profiles,6,50,NA,NA,METABS,CTD,2,1,S6_C2_D3,S6_C2_D3_B,3.5,2022-06-08T02:00:00Z,2022-06-08T02:10:00Z,2022-06-08T02:45:00Z,NA,NA
depth_profiles,6,50,NA,NA,METABS,CTD,2,1,S6_C2_D3,S6_C2_D3_C,3.7,2022-06-08T02:00:00Z,2022-06-08T02:10:00Z,2022-06-08T02:45:00Z,NA,NA
depth_profiles,6,28,NA,NA,METABS,CTD,2,1,S6_C2_D4,S6_C2_D4_A,4.1,2022-06-08T02:00:00Z,2022-06-08T02:10:00Z,2022-06-08T02:45:00Z,NA,NA
depth_profiles,6,28,NA,NA,METABS,CTD,2,1,S6_C2_D4,S6_C2_D4_B,3.7,2022-06-08T02:00:00Z,2022-06-08T02:10:00Z,2022-06-08T02:45:00Z,NA,NA
depth_profiles,6,28,NA,NA,METABS,CTD,2,1,S6_C2_D4,S6_C2_D4_C,3.8,2022-06-08T02:00:00Z,2022-06-08T02:10:00Z,2022-06-08T02:45:00Z,NA,NA
depth_profiles,7,156,NA,NA,METABS,CTD,2,1,S7_C1_D1,S7_C1_D1_A,4,2022-06-08T15:20:00Z,2022-06-08T15:26:00Z,2022-06-08T16:19:00Z,NA,NA
depth_profiles,7,156,NA,NA,METABS,CTD,2,1,S7_C1_D1,S7_C1_D1_B,3.5,2022-06-08T19:00:00Z,2022-06-08T15:26:00Z,2022-06-08T16:19:00Z,NA,NA
depth_profiles,7,156,NA,NA,METABS,CTD,2,1,S7_C1_D1,S7_C1_D1_C,4,2022-06-08T19:00:00Z,2022-06-08T15:26:00Z,2022-06-08T16:19:00Z,NA,NA
depth_profiles,7,90,NA,NA,METABS,CTD,2,1,S7_C1_D2,S7_C1_D2_A,3.7,2022-06-08T19:00:00Z,2022-06-08T15:30:00Z,2022-06-08T16:19:00Z,NA,NA
depth_profiles,7,90,NA,NA,METABS,CTD,2,1,S7_C1_D2,S7_C1_D2_B,4,2022-06-08T19:00:00Z,2022-06-08T15:30:00Z,2022-06-08T16:19:00Z,NA,NA
depth_profiles,7,90,NA,NA,METABS,CTD,2,1,S7_C1_D2,S7_C1_D2_C,4,2022-06-08T19:00:00Z,2022-06-08T15:30:00Z,2022-06-08T16:19:00Z,NA,NA
depth_profiles,7,30,NA,NA,METABS,CTD,2,1,S7_C2_D3,S7_C2_D3_A,5,2022-06-08T19:00:00Z,2022-06-08T17:10:00Z,2022-06-08T18:06:00Z,NA,NA
depth_profiles,7,30,NA,NA,METABS,CTD,2,1,S7_C2_D3,S7_C2_D3_B,4.5,2022-06-08T19:00:00Z,2022-06-08T17:10:00Z,2022-06-08T18:06:00Z,NA,NA
depth_profiles,7,30,NA,NA,METABS,CTD,2,1,S7_C2_D3,S7_C2_D3_C,4.5,2022-06-08T19:00:00Z,2022-06-08T17:10:00Z,2022-06-08T18:06:00Z,NA,NA
depth_profiles,7,15,NA,NA,METABS,CTD,2,1,S7_C2_D4,S7_C2_D4_A,3.25,2022-06-08T19:00:00Z,2022-06-08T17:10:00Z,2022-06-08T18:06:00Z,NA,NA
depth_profiles,7,15,NA,NA,METABS,CTD,2,1,S7_C2_D4,S7_C2_D4_B,3.1,2022-06-08T19:00:00Z,2022-06-08T17:10:00Z,2022-06-08T18:06:00Z,NA,NA
depth_profiles,7,15,NA,NA,METABS,CTD,2,1,S7_C2_D4,S7_C2_D4_C,4,2022-06-08T19:00:00Z,2022-06-08T17:10:00Z,2022-06-08T18:06:00Z,NA,NA
depth_profiles,7,6,NA,NA,METABS,CTD,2,1,S7_C3_D5,S7_C3_D5_A,2,2022-06-08T19:00:00Z,2022-06-08T19:20:00Z,2022-06-08T19:55:00Z,NA,NA
depth_profiles,7,6,NA,NA,METABS,CTD,2,1,S7_C3_D5,S7_C3_D5_B,2.25,2022-06-08T19:00:00Z,2022-06-08T19:20:00Z,2022-06-08T19:55:00Z,NA,NA
depth_profiles,7,6,NA,NA,METABS,CTD,2,1,S7_C3_D5,S7_C3_D5_C,2.5,2022-06-08T19:00:00Z,2022-06-08T19:20:00Z,2022-06-08T19:55:00Z,NA,NA
depth_profiles,7,3,NA,NA,METABS,CTD,2,1,S7_C3_D6,S7_C3_D6_A,1.6,2022-06-08T19:00:00Z,2022-06-08T19:20:00Z,2022-06-08T19:55:00Z,NA,NA
depth_profiles,7,3,NA,NA,METABS,CTD,2,1,S7_C3_D6,S7_C3_D6_B,1.75,2022-06-08T19:00:00Z,2022-06-08T19:20:00Z,2022-06-08T19:55:00Z,NA,NA
depth_profiles,7,3,NA,NA,METABS,CTD,2,1,S7_C3_D6,S7_C3_D6_C,1.75,2022-06-08T19:00:00Z,2022-06-08T19:20:00Z,2022-06-08T19:55:00Z,NA,NA
depth_profiles,7,0,NA,NA,METABS,CTD,2,1,S7_C1_D1,S7_C1_D1_Blk,0.5,2022-06-09T02:30:00Z,NA,NA,NA,NA
depth_profiles,7,0,NA,NA,METABS,CTD,2,1,S7_C2_D3,S7_C2_D3_Blk,0.5,2022-06-09T02:30:00Z,NA,NA,NA,NA
depth_profiles,7,0,NA,NA,METABS,CTD,2,1,S7_C3_D5,S7_C3_D5_Blk,0.5,2022-06-09T02:30:00Z,NA,NA,NA,NA
depth_profiles,8,0,NA,NA,METABS,CTD,2,1,S8_C1_D1,S8_C1_D1_A_4L,4,2022-06-10T02:30:00Z,2022-06-10T02:30:00Z,2022-06-10T03:20:00Z,"""(?) Seep""",NA
depth_profiles,8,0,NA,NA,METABS,CTD,2,1,S8_C1_D2,S8_C1_D2_A,1.4,2022-06-10T19:00:00Z,2022-06-11T02:45:00Z,2022-06-11T03:10:00Z,"""(?) Seep""",NA
depth_profiles,8,0,NA,NA,METABS,CTD,2,1,S8_C1_D1,S8_C1_D1_A_2L,2,2022-06-11T19:00:00Z,2022-06-12T03:20:00Z,NA,"""(?) Seep""",NA
Kinetics,2,NA,NA,NA,METABS,NA,2,1,UKH1_0nM,UKH1_0nM_A,1,NA,2022-06-04T21:39:00Z,2022-06-04T21:51:00Z,NA,NA
Kinetics,2,NA,NA,NA,METABS,NA,2,1,UKH1_0nM,UKH1_0nM_B,1,NA,2022-06-04T21:40:00Z,2022-06-04T21:54:00Z,NA,NA
Kinetics,2,NA,NA,NA,METABS,NA,2,1,UKH1_0nM,UKH1_0nM_C,1,NA,2022-06-04T21:40:00Z,2022-06-04T21:51:00Z,NA,NA
Kinetics,2,NA,NA,NA,METABS,NA,2,1,UKH1_5nM,UKH1_5nM_A,1,NA,2022-06-04T21:41:00Z,2022-06-04T21:51:00Z,NA,2022-06-04T21:11:00Z
Kinetics,2,NA,NA,NA,METABS,NA,2,1,UKH1_5nM,UKH1_5nM_B,1,NA,2022-06-04T21:41:00Z,2022-06-04T21:52:00Z,NA,2022-06-04T21:11:00Z
Kinetics,2,NA,NA,NA,METABS,NA,2,1,UKH1_5nM,UKH1_5nM_C,1,NA,2022-06-04T21:41:00Z,2022-06-04T21:51:00Z,NA,2022-06-04T21:11:00Z
Kinetics,2,NA,NA,NA,METABS,NA,2,1,UKH1_10nM,UKH1_10nM_A,1,NA,2022-06-04T22:08:00Z,2022-06-04T22:20:00Z,NA,2022-06-04T21:39:00Z
Kinetics,2,NA,NA,NA,METABS,NA,2,1,UKH1_10nM,UKH1_10nM_B,1,NA,2022-06-04T22:08:00Z,2022-06-04T22:19:00Z,NA,2022-06-04T21:39:00Z
Kinetics,2,NA,NA,NA,METABS,NA,2,1,UKH1_10nM,UKH1_10nM_C,1,NA,2022-06-04T22:08:00Z,2022-06-04T22:19:00Z,NA,2022-06-04T21:39:00Z
Kinetics,2,NA,NA,NA,METABS,NA,2,1,UKH1_50nM,UKH1_50nM_A,1,NA,2022-06-04T22:09:00Z,2022-06-04T22:19:00Z,NA,2022-06-04T21:39:00Z
Kinetics,2,NA,NA,NA,METABS,NA,2,1,UKH1_50nM,UKH1_50nM_B,1,NA,2022-06-04T22:09:00Z,2022-06-04T22:21:00Z,NA,2022-06-04T21:39:00Z
Kinetics,2,NA,NA,NA,METABS,NA,2,1,UKH1_50nM,UKH1_50nM_C,1,NA,2022-06-04T22:09:00Z,2022-06-04T22:17:00Z,NA,2022-06-04T21:39:00Z
Kinetics,2,NA,NA,NA,METABS,NA,2,1,UKH1_200nM,UKH1_200nM_A,1,NA,2022-06-04T22:35:00Z,2022-06-04T22:43:00Z,NA,2022-06-04T22:09:00Z
Kinetics,2,NA,NA,NA,METABS,NA,2,1,UKH1_200nM,UKH1_200nM_B,1,NA,2022-06-04T22:35:00Z,2022-06-04T22:44:00Z,NA,2022-06-04T22:09:00Z
Kinetics,2,NA,NA,NA,METABS,NA,2,1,UKH1_200nM,UKH1_200nM_C,1,NA,2022-06-04T22:35:00Z,2022-06-04T22:42:00Z,NA,2022-06-04T22:09:00Z
Kinetics,2,NA,NA,NA,METABS,NA,2,1,UKH1_500nM,UKH1_500nM_A,1,NA,2022-06-04T22:36:00Z,2022-06-04T22:45:00Z,NA,2022-06-04T22:10:00Z
Kinetics,2,NA,NA,NA,METABS,NA,2,1,UKH1_500nM,UKH1_500nM_B,1,NA,2022-06-04T22:36:00Z,2022-06-04T22:43:00Z,NA,2022-06-04T22:10:00Z
Kinetics,2,NA,NA,NA,METABS,NA,2,1,UKH1_500nM,UKH1_500nM_C,1,NA,2022-06-04T22:36:00Z,2022-06-04T22:42:00Z,NA,2022-06-04T22:10:00Z
Kinetics,2,NA,NA,NA,METABS,NA,2,1,UKH1_2000nM,UKH1_2000nM_A,1,NA,2022-06-04T23:01:00Z,2022-06-04T23:09:00Z,NA,2022-06-04T22:34:00Z
Kinetics,2,NA,NA,NA,METABS,NA,2,1,UKH1_2000nM,UKH1_2000nM_B,1,NA,2022-06-04T23:01:00Z,2022-06-04T23:10:00Z,NA,2022-06-04T22:34:00Z
Kinetics,2,NA,NA,NA,METABS,NA,2,1,UKH1_2000nM,UKH1_2000nM_C,1,NA,2022-06-04T23:01:00Z,2022-06-04T23:10:00Z,NA,2022-06-04T22:34:00Z
Kinetics,NA,NA,NA,NA,METABS,NA,2,1,UKT1_Onm,UKT1_Onm_A,1,NA,2022-06-05T21:44:00Z,2022-06-05T21:51:00Z,NA,2022-06-05T21:11:00Z
Kinetics,NA,NA,NA,NA,METABS,NA,2,1,UKT1_Onm,UKT1_Onm_B,1,NA,2022-06-05T21:45:00Z,2022-06-05T21:58:00Z,NA,2022-06-05T21:11:00Z
Kinetics,NA,NA,NA,NA,METABS,NA,2,1,UKT1_Onm,UKT1_Onm_C,1,NA,2022-06-05T21:46:00Z,2022-06-05T21:54:00Z,NA,2022-06-05T21:11:00Z
Kinetics,NA,NA,NA,NA,METABS,NA,2,1,UKT1_5nM,UKT1_5nM_A,1,NA,2022-06-05T21:44:00Z,2022-06-05T21:52:00Z,NA,2022-06-05T21:11:00Z
Kinetics,NA,NA,NA,NA,METABS,NA,2,1,UKT1_5nM,UKT1_5nM_B,1,NA,2022-06-05T21:44:00Z,2022-06-05T21:50:00Z,NA,2022-06-05T21:11:00Z
Kinetics,NA,NA,NA,NA,METABS,NA,2,1,UKT1_5nM,UKT1_5nM_C,1,NA,2022-06-05T21:44:00Z,2022-06-05T21:50:00Z,NA,2022-06-05T21:11:00Z
Kinetics,NA,NA,NA,NA,METABS,NA,2,1,UKT1_10nM,UKT1_10nM_A,1,NA,2022-06-05T22:14:00Z,2022-06-05T22:21:00Z,NA,2022-06-05T21:40:00Z
Kinetics,NA,NA,NA,NA,METABS,NA,2,1,UKT1_10nM,UKT1_10nM_B,1,NA,2022-06-05T22:14:00Z,2022-06-05T22:21:00Z,NA,2022-06-05T21:40:00Z
Kinetics,NA,NA,NA,NA,METABS,NA,2,1,UKT1_10nM,UKT1_10nM_C,1,NA,2022-06-05T22:14:00Z,2022-06-05T22:21:00Z,NA,2022-06-05T21:40:00Z
Kinetics,NA,NA,NA,NA,METABS,NA,2,1,UKT1_50nM,UKT1_50nM_A,1,NA,2022-06-05T22:14:00Z,2022-06-05T22:21:00Z,NA,2022-06-05T21:43:00Z
Kinetics,NA,NA,NA,NA,METABS,NA,2,1,UKT1_50nM,UKT1_50nM_B,1,NA,2022-06-05T22:15:00Z,2022-06-05T22:24:00Z,NA,2022-06-05T21:43:00Z
Kinetics,NA,NA,NA,NA,METABS,NA,2,1,UKT1_50nM,UKT1_50nM_C,1,NA,2022-06-05T22:15:00Z,2022-06-05T22:21:00Z,NA,2022-06-05T21:43:00Z
Kinetics,NA,NA,NA,NA,METABS,NA,2,1,UKT1_200nM,UKT1_200nM_A,1,NA,2022-06-05T22:42:00Z,2022-06-05T22:50:00Z,NA,2022-06-05T22:10:00Z
Kinetics,NA,NA,NA,NA,METABS,NA,2,1,UKT1_200nM,UKT1_200nM_B,1,NA,2022-06-05T22:43:00Z,2022-06-05T22:52:00Z,NA,2022-06-05T22:10:00Z
Kinetics,NA,NA,NA,NA,METABS,NA,2,1,UKT1_200nM,UKT1_200nM_C,1,NA,2022-06-05T22:44:00Z,2022-06-05T22:52:00Z,NA,2022-06-05T22:10:00Z
Kinetics,NA,NA,NA,NA,METABS,NA,2,1,UKT1_500nM,UKT1_500nM_A,1,NA,2022-06-05T22:42:00Z,2022-06-05T22:53:00Z,NA,2022-06-05T22:12:00Z
Kinetics,NA,NA,NA,NA,METABS,NA,2,1,UKT1_500nM,UKT1_500nM_B,1,NA,2022-06-05T22:43:00Z,2022-06-05T22:53:00Z,NA,2022-06-05T22:12:00Z
Kinetics,NA,NA,NA,NA,METABS,NA,2,1,UKT1_500nM,UKT1_500nM_C,1,NA,2022-06-05T22:43:00Z,2022-06-05T22:53:00Z,NA,2022-06-05T22:12:00Z
Kinetics,NA,NA,NA,NA,METABS,NA,2,1,UKT1_2000nM,UKT1_2000nM_A,1,NA,2022-06-05T23:08:00Z,2022-06-05T21:15:00Z,NA,2022-06-05T22:41:00Z
Kinetics,NA,NA,NA,NA,METABS,NA,2,1,UKT1_2000nM,UKT1_2000nM_B,1,NA,2022-06-05T23:09:00Z,2022-06-05T21:17:00Z,NA,2022-06-05T22:41:00Z
Kinetics,NA,NA,NA,NA,METABS,NA,2,1,UKT1_2000nM,UKT1_2000nM_C,1,NA,2022-06-05T23:09:00Z,2022-06-05T21:17:00Z,NA,2022-06-05T22:41:00Z
Kinetics,5,NA,NA,NA,METABS,NA,2,1,UKT2_0nM,UKT2_0nM_A,1,NA,2022-06-07T15:52:00Z,2022-06-07T15:59:00Z,NA,NA
Kinetics,5,NA,NA,NA,METABS,NA,2,1,UKT2_0nM,UKT2_0nM_B,1,NA,2022-06-07T15:54:00Z,2022-06-07T16:01:00Z,NA,NA
Kinetics,5,NA,NA,NA,METABS,NA,2,1,UKT2_0nM,UKT2_0nM_C,1,NA,2022-06-07T15:54:00Z,2022-06-07T16:02:00Z,NA,NA
Kinetics,5,NA,NA,NA,METABS,NA,2,1,UKT2_5nM,UKT2_5nM_A,1,NA,2022-06-07T15:49:00Z,2022-06-07T15:59:00Z,NA,2022-06-07T15:17:00Z
Kinetics,5,NA,NA,NA,METABS,NA,2,1,UKT2_5nM,UKT2_5nM_B,1,NA,2022-06-07T15:49:00Z,2022-06-07T16:03:00Z,NA,2022-06-07T15:17:00Z
Kinetics,5,NA,NA,NA,METABS,NA,2,1,UKT2_5nM,UKT2_5nM_C,1,NA,2022-06-07T15:49:00Z,2022-06-07T16:03:00Z,NA,2022-06-07T15:17:00Z
Kinetics,5,NA,NA,NA,METABS,NA,2,1,UKT2_10nM,UKT2_10nM_A,1,NA,2022-06-07T16:20:00Z,2022-06-07T16:31:00Z,NA,2022-06-07T15:49:00Z
Kinetics,5,NA,NA,NA,METABS,NA,2,1,UKT2_10nM,UKT2_10nM_B,1,NA,2022-06-07T16:20:00Z,2022-06-07T16:31:00Z,NA,2022-06-07T15:49:00Z
Kinetics,5,NA,NA,NA,METABS,NA,2,1,UKT2_10nM,UKT2_10nM_C,1,NA,2022-06-07T16:20:00Z,2022-06-07T16:31:00Z,NA,2022-06-07T15:49:00Z
Kinetics,5,NA,NA,NA,METABS,NA,2,1,UKT2_50nM,UKT2_50nM_A,1,NA,2022-06-07T16:20:00Z,2022-06-07T16:26:00Z,NA,2022-06-07T15:50:00Z
Kinetics,5,NA,NA,NA,METABS,NA,2,1,UKT2_50nM,UKT2_50nM_B,1,NA,2022-06-07T16:20:00Z,2022-06-07T16:27:00Z,NA,2022-06-07T15:50:00Z
Kinetics,5,NA,NA,NA,METABS,NA,2,1,UKT2_50nM,UKT2_50nM_C,1,NA,2022-06-07T16:20:00Z,2022-06-07T16:28:00Z,NA,2022-06-07T15:50:00Z
Kinetics,5,NA,NA,NA,METABS,NA,2,1,UKT2_200nM,UKT2_200nM_A,1,NA,2022-06-07T16:47:00Z,2022-06-07T16:54:00Z,NA,2022-06-07T16:17:00Z
Kinetics,5,NA,NA,NA,METABS,NA,2,1,UKT2_200nM,UKT2_200nM_B,1,NA,2022-06-07T16:47:00Z,2022-06-07T16:54:00Z,NA,2022-06-07T16:17:00Z
Kinetics,5,NA,NA,NA,METABS,NA,2,1,UKT2_200nM,UKT2_200nM_C,1,NA,2022-06-07T16:47:00Z,2022-06-07T16:57:00Z,NA,2022-06-07T16:17:00Z
Kinetics,5,NA,NA,NA,METABS,NA,2,1,UKT2_500nM,UKT2_500nM_A,1,NA,2022-06-07T16:47:00Z,2022-06-07T16:55:00Z,NA,2022-06-07T16:19:00Z
Kinetics,5,NA,NA,NA,METABS,NA,2,1,UKT2_500nM,UKT2_500nM_B,1,NA,2022-06-07T16:47:00Z,2022-06-07T16:56:00Z,"""B is very wet still""",2022-06-07T16:19:00Z
Kinetics,5,NA,NA,NA,METABS,NA,2,1,UKT2_500nM,UKT2_500nM_C,1,NA,2022-06-07T16:47:00Z,2022-06-07T16:58:00Z,NA,2022-06-07T16:19:00Z
Kinetics,5,NA,NA,NA,METABS,NA,2,1,UKT1_2000nM,UKT1_2000nM_A,1,NA,2022-06-07T17:16:00Z,2022-06-07T17:24:00Z,NA,2022-06-07T16:46:00Z
Kinetics,5,NA,NA,NA,METABS,NA,2,1,UKT1_2000nM,UKT1_2000nM_B,1,NA,2022-06-07T17:16:00Z,2022-06-07T17:26:00Z,NA,2022-06-07T16:46:00Z
Kinetics,5,NA,NA,NA,METABS,NA,2,1,UKT1_2000nM,UKT1_2000nM_C,1,NA,2022-06-07T17:16:00Z,2022-06-07T17:23:00Z,NA,2022-06-07T16:46:00Z
Kinetics,7,NA,NA,NA,METABS,NA,2,1,UKGBT1_0nM,UKGBT1_0nM_A,1,NA,2022-06-08T21:18:00Z,2022-06-08T21:30:00Z,NA,NA
Kinetics,7,NA,NA,NA,METABS,NA,2,1,UKGBT1_0nM,UKGBT1_0nM_B,1,NA,2022-06-08T21:18:00Z,2022-06-08T21:31:00Z,NA,NA
Kinetics,7,NA,NA,NA,METABS,NA,2,1,UKGBT1_0nM,UKGBT1_0nM_C,1,NA,2022-06-08T21:18:00Z,2022-06-08T21:31:00Z,NA,NA
Kinetics,7,NA,NA,NA,METABS,NA,2,1,UKGBT1_1000nM,UKGBT1_1000nM_A,1,NA,2022-06-08T22:20:00Z,2022-06-08T22:31:00Z,NA,2022-06-08T21:57:00Z
Kinetics,7,NA,NA,NA,METABS,NA,2,1,UKGBT1_1000nM,UKGBT1_1000nM_B,1,NA,2022-06-08T22:20:00Z,2022-06-08T22:33:00Z,NA,2022-06-08T21:57:00Z
Kinetics,7,NA,NA,NA,METABS,NA,2,1,UKGBT1_1000nM,UKGBT1_1000nM_C,1,NA,2022-06-08T22:20:00Z,2022-06-08T22:31:00Z,NA,2022-06-08T21:57:00Z
Kinetics,7,NA,NA,NA,METABS,NA,2,1,UKGBT1_10nM,UKGBT1_10nM_A,1,NA,2022-06-08T21:18:00Z,2022-06-08T21:33:00Z,NA,2022-06-08T20:55:00Z
Kinetics,7,NA,NA,NA,METABS,NA,2,1,UKGBT1_10nM,UKGBT1_10nM_B,1,NA,2022-06-08T21:18:00Z,2022-06-08T21:33:00Z,NA,2022-06-08T20:55:00Z
Kinetics,7,NA,NA,NA,METABS,NA,2,1,UKGBT1_10nM,UKGBT1_10nM_C,0.9,NA,2022-06-08T21:18:00Z,2022-06-08T21:33:00Z,NA,2022-06-08T20:55:00Z
Kinetics,7,NA,NA,NA,METABS,NA,2,1,UKGBT1_50nM,UKGBT1_50nM_A,1,NA,2022-06-08T21:50:00Z,2022-06-08T22:00:00Z,NA,2022-06-08T21:26:00Z
Kinetics,7,NA,NA,NA,METABS,NA,2,1,UKGBT1_50nM,UKGBT1_50nM_B,1,NA,2022-06-08T21:50:00Z,2022-06-08T22:02:00Z,NA,2022-06-08T21:26:00Z
Kinetics,7,NA,NA,NA,METABS,NA,2,1,UKGBT1_50nM,UKGBT1_50nM_C,1,NA,2022-06-08T21:50:00Z,2022-06-08T22:03:00Z,NA,2022-06-08T21:26:00Z
Kinetics,7,NA,NA,NA,METABS,NA,2,1,UKGBT1_200nM,UKGBT1_200nM_A,1,NA,2022-06-08T21:50:00Z,2022-06-08T22:02:00Z,NA,2022-06-08T21:27:00Z
Kinetics,7,NA,NA,NA,METABS,NA,2,1,UKGBT1_200nM,UKGBT1_200nM_B,1,NA,2022-06-08T21:50:00Z,2022-06-08T22:04:00Z,NA,2022-06-08T21:27:00Z
Kinetics,7,NA,NA,NA,METABS,NA,2,1,UKGBT1_200nM,UKGBT1_200nM_C,1,NA,2022-06-08T21:50:00Z,2022-06-08T22:05:00Z,NA,2022-06-08T21:27:00Z
Kinetics,7,NA,NA,NA,METABS,NA,2,1,UKGBT1_500nM,UKGBT1_500nM_A,1,NA,2022-06-08T22:21:00Z,2022-06-08T22:33:00Z,NA,2022-06-08T21:55:00Z
Kinetics,7,NA,NA,NA,METABS,NA,2,1,UKGBT1_500nM,UKGBT1_500nM_B,1,NA,2022-06-08T22:21:00Z,2022-06-08T22:35:00Z,NA,2022-06-08T21:55:00Z
Kinetics,7,NA,NA,NA,METABS,NA,2,1,UKGBT1_500nM,UKGBT1_500nM_C,1,NA,2022-06-08T22:21:00Z,2022-06-08T22:34:00Z,NA,2022-06-08T21:55:00Z
Kinetics,7,NA,NA,NA,METABS,NA,2,1,UKGBT1_2000nM,UKGBT1_2000nM_A,1,NA,2022-06-08T22:53:00Z,2022-06-08T23:02:00Z,NA,2022-06-08T22:24:00Z
Kinetics,7,NA,NA,NA,METABS,NA,2,1,UKGBT1_2000nM,UKGBT1_2000nM_B,1,NA,2022-06-08T22:53:00Z,2022-06-08T23:04:00Z,NA,2022-06-08T22:24:00Z
Kinetics,7,NA,NA,NA,METABS,NA,2,1,UKGBT1_2000nM,UKGBT1_2000nM_C,1,NA,2022-06-08T22:53:00Z,2022-06-08T23:13:00Z,NA,2022-06-08T22:24:00Z
Kinetics,7,NA,NA,NA,METABS,NA,2,1,UKGBT1_5000nM,UKGBT1_5000nM_A,1,NA,2022-06-08T22:53:00Z,2022-06-08T23:05:00Z,NA,2022-06-08T22:26:00Z
Kinetics,NA,NA,NA,NA,METABS,NA,2,1,UKT2_0nM,UKT2_0nM_A,1,NA,2022-06-09T13:44:00Z,2022-06-09T13:55:00Z,"""At Blake Island, Lat = 47° 32.3269', Long = 122°28.8090'. Not prefiltered.""",NA
Kinetics,NA,NA,NA,NA,METABS,NA,2,1,UKT2_0nM,UKT2_0nM_B,1,NA,2022-06-09T13:44:00Z,2022-06-09T13:55:00Z,"""At Blake Island, Lat = 47° 32.3269', Long = 122°28.8090'. Not prefiltered.""",NA
Kinetics,NA,NA,NA,NA,METABS,NA,2,1,UKT2_0nM,UKT2_0nM_C,1,NA,2022-06-09T13:44:00Z,2022-06-09T13:57:00Z,"""At Blake Island, Lat = 47° 32.3269', Long = 122°28.8090'. Not prefiltered.""",NA
Kinetics,NA,NA,NA,NA,METABS,NA,2,1,UKT2_10nM,UKT2_10nM_A,1,NA,2022-06-09T13:43:00Z,2022-06-09T13:54:00Z,"""At Blake Island, Lat = 47° 32.3269', Long = 122°28.8090'. Not prefiltered.""",2022-06-09T13:17:00Z
Kinetics,NA,NA,NA,NA,METABS,NA,2,1,UKT2_10nM,UKT2_10nM_B,1,NA,2022-06-09T13:43:00Z,2022-06-09T13:54:00Z,"""At Blake Island, Lat = 47° 32.3269', Long = 122°28.8090'. Not prefiltered.""",2022-06-09T13:17:00Z
Kinetics,NA,NA,NA,NA,METABS,NA,2,1,UKT2_10nM,UKT2_10nM_C,1,NA,2022-06-09T13:43:00Z,2022-06-09T13:57:00Z,"""At Blake Island, Lat = 47° 32.3269', Long = 122°28.8090'. Not prefiltered.""",2022-06-09T13:17:00Z
Kinetics,NA,NA,NA,NA,METABS,NA,2,1,UKT2_50nM,UKT2_50nM_A,1,NA,2022-06-09T14:13:00Z,2022-06-09T14:25:00Z,"""At Blake Island, Lat = 47° 32.3269', Long = 122°28.8090'. Not prefiltered.""",2022-06-09T13:48:00Z
Kinetics,NA,NA,NA,NA,METABS,NA,2,1,UKT2_50nM,UKT2_50nM_B,1,NA,2022-06-09T14:13:00Z,2022-06-09T14:28:00Z,"""At Blake Island, Lat = 47° 32.3269', Long = 122°28.8090'. Not prefiltered.""",2022-06-09T13:48:00Z
Kinetics,NA,NA,NA,NA,METABS,NA,2,1,UKT2_50nM,UKT2_50nM_C,1,NA,2022-06-09T14:13:00Z,2022-06-09T14:25:00Z,"""At Blake Island, Lat = 47° 32.3269', Long = 122°28.8090'. Not prefiltered.""",2022-06-09T13:48:00Z
Kinetics,NA,NA,NA,NA,METABS,NA,2,1,UKT2_200nM,UKT2_200nM_A,1,NA,2022-06-09T14:13:00Z,2022-06-09T14:26:00Z,"""At Blake Island, Lat = 47° 32.3269', Long = 122°28.8090'. Not prefiltered.""",2022-06-09T13:49:00Z
Kinetics,NA,NA,NA,NA,METABS,NA,2,1,UKT2_200nM,UKT2_200nM_B,1,NA,2022-06-09T14:13:00Z,2022-06-09T14:28:00Z,"""At Blake Island, Lat = 47° 32.3269', Long = 122°28.8090'. Not prefiltered.""",2022-06-09T13:49:00Z
Kinetics,NA,NA,NA,NA,METABS,NA,2,1,UKT2_200nM,UKT2_200nM_C,1,NA,2022-06-09T14:13:00Z,2022-06-09T14:29:00Z,"""At Blake Island, Lat = 47° 32.3269', Long = 122°28.8090'. Not prefiltered.""",2022-06-09T13:49:00Z
Kinetics,NA,NA,NA,NA,METABS,NA,2,1,UKT2_500nM,UKT2_500nM_A,1,NA,2022-06-09T14:47:00Z,2022-06-09T15:00:00Z,"""At Blake Island, Lat = 47° 32.3269', Long = 122°28.8090'. Not prefiltered.""",2022-06-09T14:17:00Z
Kinetics,NA,NA,NA,NA,METABS,NA,2,1,UKT2_500nM,UKT2_500nM_B,1,NA,2022-06-09T14:47:00Z,2022-06-09T15:00:00Z,"""At Blake Island, Lat = 47° 32.3269', Long = 122°28.8090'. Not prefiltered.""",2022-06-09T14:17:00Z
Kinetics,NA,NA,NA,NA,METABS,NA,2,1,UKT2_500nM,UKT2_500nM_C,1,NA,2022-06-09T14:47:00Z,2022-06-09T15:00:00Z,"""At Blake Island, Lat = 47° 32.3269', Long = 122°28.8090'. Not prefiltered.""",2022-06-09T14:17:00Z
Kinetics,NA,NA,NA,NA,METABS,NA,2,1,UKT2_1000nM,UKT2_1000nM_A,1,NA,2022-06-09T14:48:00Z,2022-06-09T15:00:00Z,"""At Blake Island, Lat = 47° 32.3269', Long = 122°28.8090'. Not prefiltered.""",2022-06-09T14:17:00Z
Kinetics,NA,NA,NA,NA,METABS,NA,2,1,UKT2_1000nM,UKT2_1000nM_B,1,NA,2022-06-09T14:48:00Z,2022-06-09T15:01:00Z,"""At Blake Island, Lat = 47° 32.3269', Long = 122°28.8090'. Not prefiltered.""",2022-06-09T14:17:00Z
Kinetics,NA,NA,NA,NA,METABS,NA,2,1,UKT2_1000nM,UKT2_1000nM_C,1,NA,2022-06-09T14:48:00Z,2022-06-09T15:03:00Z,"""At Blake Island, Lat = 47° 32.3269', Long = 122°28.8090'. Not prefiltered.""",2022-06-09T14:17:00Z
Kinetics,NA,NA,NA,NA,METABS,NA,2,1,UKT2_2000nM,UKT2_2000nM_A,1,NA,2022-06-09T15:20:00Z,2022-06-09T15:32:00Z,"""At Blake Island, Lat = 47° 32.3269', Long = 122°28.8090'. Not prefiltered.""",2022-06-09T14:43:00Z
Kinetics,NA,NA,NA,NA,METABS,NA,2,1,UKT2_2000nM,UKT2_2000nM_B,1,NA,2022-06-09T15:20:00Z,2022-06-09T15:34:00Z,"""At Blake Island, Lat = 47° 32.3269', Long = 122°28.8090'. Not prefiltered.""",2022-06-09T14:43:00Z
Kinetics,NA,NA,NA,NA,METABS,NA,2,1,UKT2_2000nM,UKT2_2000nM_C,1,NA,2022-06-09T15:22:00Z,2022-06-09T15:37:00Z,"""At Blake Island, Lat = 47° 32.3269', Long = 122°28.8090'. Not prefiltered.""",2022-06-09T14:43:00Z
Kinetics,NA,NA,NA,NA,METABS,NA,2,1,UKT2_5000nM,UKT2_5000nM_A,1,NA,2022-06-09T15:20:00Z,2022-06-09T15:38:00Z,"""At Blake Island, Lat = 47° 32.3269', Long = 122°28.8090'. Not prefiltered.""",2022-06-09T14:43:00Z
Kinetics,NA,NA,NA,NA,METABS,NA,2,1,UKH2_10nM,UKH2_10nM_Blk,0.5,NA,NA,NA,"""~500mL filtered seawater from 10nM, 200nM, and 2000nM treatments were refiltered after being stored at 4°C in the fridge""",NA
Kinetics,NA,NA,NA,NA,METABS,NA,2,1,UKH2_200nM,UKH2_200nM_Blk,0.5,NA,NA,NA,"""~500mL filtered seawater from 10nM, 200nM, and 2000nM treatments were refiltered after being stored at 4°C in the fridge""",NA
Kinetics,NA,NA,NA,NA,METABS,NA,2,1,UKH2_2000nM,UKH2_2000nM_Blk,0.5,NA,NA,NA,"""~500mL filtered seawater from 10nM, 200nM, and 2000nM treatments were refiltered after being stored at 4°C in the fridge""",NA
SynLys,2,NA,NA,NA,METABS,NA,2,1,SynLys_Cont_T0,SynLys_Cont_T0_A,1,NA,2022-06-05T14:15:00Z,2022-06-05T14:28:00Z,"""Pairs with S2_C5, 1L incubators, 600µL SynLys spike""",2022-06-05T14:00:00Z
SynLys,2,NA,NA,NA,METABS,NA,2,1,SynLys_Cont_T0,SynLys_Cont_T0_B,1,NA,2022-06-05T14:15:00Z,2022-06-05T14:28:00Z,"""Pairs with S2_C5, 1L incubators, 600µL SynLys spike""",2022-06-05T14:00:00Z
SynLys,2,NA,NA,NA,METABS,NA,2,1,SynLys_Cont_T0,SynLys_Cont_T0_C,1,NA,2022-06-05T14:15:00Z,2022-06-05T14:28:00Z,"""Pairs with S2_C5, 1L incubators, 600µL SynLys spike""",2022-06-05T14:00:00Z
SynLys,2,NA,NA,NA,METABS,NA,2,1,SynLys_Cont_T24,SynLys_Cont_T24_A,1,NA,2022-06-06T14:49:00Z,2022-06-06T14:58:00Z,"""Pairs with S2_C5, 1L incubators, 600µL SynLys spike""",2022-06-05T14:46:00Z
SynLys,2,NA,NA,NA,METABS,NA,2,1,SynLys_Cont_T24,SynLys_Cont_T24_B,1,NA,2022-06-06T14:54:00Z,2022-06-06T15:00:00Z,"""Pairs with S2_C5, 1L incubators, 600µL SynLys spike""",2022-06-05T15:46:00Z
SynLys,2,NA,NA,NA,METABS,NA,2,1,SynLys_Cont_T24,SynLys_Cont_T24_C,1,NA,2022-06-06T14:58:00Z,2022-06-06T15:06:00Z,"""Pairs with S2_C5, 1L incubators, 600µL SynLys spike""",2022-06-05T16:46:00Z
SynLys,2,NA,NA,NA,METABS,NA,2,1,SynLys_Trt_T24,SynLys_Trt_T24_A,1,NA,2022-06-06T14:50:00Z,2022-06-06T15:00:00Z,"""Pairs with S2_C5, 1L incubators, 600µL SynLys spike""",2022-06-05T17:46:00Z
SynLys,2,NA,NA,NA,METABS,NA,2,1,SynLys_Trt_T24,SynLys_Trt_T24_B,1,NA,2022-06-06T14:53:00Z,2022-06-06T15:04:00Z,"""Pairs with S2_C5, 1L incubators, 600µL SynLys spike""",2022-06-05T18:46:00Z
SynLys,2,NA,NA,NA,METABS,NA,2,1,SynLys_Trt_T24,SynLys_Trt_T24_C,1,NA,2022-06-06T14:58:00Z,2022-06-06T15:09:00Z,"""Pairs with S2_C5, 1L incubators, 600µL SynLys spike""",2022-06-05T19:46:00Z
Production experiment,2,NA,NA,NA,METABS,NA,2,1,PE_Cont_T0,PE_Cont_T0_A,2,NA,2022-06-06T13:30:00Z,2022-06-06T13:50:00Z,"Assumed spike time, it was not noted, added Filter_date based on T6,T24, T36 ntotes",2022-06-06T13:30:00Z
Production experiment,2,NA,NA,NA,METABS,NA,2,1,PE_Cont_T0,PE_Cont_T0_B,2,NA,2022-06-06T13:30:00Z,2022-06-06T13:52:00Z,NA,2022-06-06T13:30:00Z
Production experiment,2,NA,NA,NA,METABS,NA,2,1,PE_Cont_T0,PE_Cont_T0_C,2,NA,2022-06-06T13:30:00Z,2022-06-06T13:50:00Z,NA,2022-06-06T13:30:00Z
Production experiment,2,NA,NA,NA,METABS,NA,2,1,PE_NO3_T6,PE_NO3_T6_A,2,NA,2022-06-06T20:04:00Z,2022-06-06T20:23:00Z,NA,2022-06-06T13:30:00Z
Production experiment,2,NA,NA,NA,METABS,NA,2,1,PE_NO3_T6,PE_NO3_T6_B,2,NA,2022-06-06T20:04:00Z,2022-06-06T20:25:00Z,NA,2022-06-06T13:30:00Z
Production experiment,2,NA,NA,NA,METABS,NA,2,1,PE_NO3_T6,PE_NO3_T6_C,2,NA,2022-06-06T20:04:00Z,2022-06-06T20:25:00Z,NA,2022-06-06T13:30:00Z
Production experiment,2,NA,NA,NA,METABS,NA,2,1,PE_NO3_T12,PE_NO3_T12_A,2,NA,2022-06-07T02:45:00Z,2022-06-07T03:00:00Z,NA,2022-06-06T13:30:00Z
Production experiment,2,NA,NA,NA,METABS,NA,2,1,PE_NO3_T12,PE_NO3_T12_B,2,NA,2022-06-07T02:49:00Z,2022-06-07T03:06:00Z,NA,2022-06-06T13:30:00Z
Production experiment,2,NA,NA,NA,METABS,NA,2,1,PE_NO3_T12,PE_NO3_T12_C,2,NA,2022-06-07T02:52:00Z,2022-06-07T03:09:00Z,NA,2022-06-06T13:30:00Z
Production experiment,2,NA,NA,NA,METABS,NA,2,1,PE_NO3_T24,PE_NO3_T24_A,2,NA,2022-06-07T14:25:00Z,2022-06-07T14:55:00Z,NA,2022-06-06T13:30:00Z
Production experiment,2,NA,NA,NA,METABS,NA,2,1,PE_NO3_T24,PE_NO3_T24_B,2,NA,2022-06-07T14:30:00Z,2022-06-07T14:51:00Z,NA,2022-06-06T13:30:00Z
Production experiment,2,NA,NA,NA,METABS,NA,2,1,PE_NO3_T24,PE_NO3_T24_C,2,NA,2022-06-07T14:35:00Z,2022-06-07T14:55:00Z,NA,2022-06-06T13:30:00Z
Production experiment,2,NA,NA,NA,METABS,NA,2,1,PE_NO3_T36,PE_NO3_T36_A,2,NA,NA,NA,NA,2022-06-06T13:30:00Z
Production experiment,2,NA,NA,NA,METABS,NA,2,1,PE_NO3_T36,PE_NO3_T36_B,2,NA,NA,NA,NA,2022-06-06T13:30:00Z
Production experiment,2,NA,NA,NA,METABS,NA,2,1,PE_NO3_T36,PE_NO3_T36_C,2,NA,NA,NA,NA,2022-06-06T13:30:00Z
Production experiment,2,NA,NA,NA,METABS,NA,2,1,PE_NH4_T6,PE_NH4_T6_A,2,NA,2022-06-06T19:33:00Z,2022-06-06T19:50:00Z,NA,2022-06-06T13:30:00Z
Production experiment,2,NA,NA,NA,METABS,NA,2,1,PE_NH4_T6,PE_NH4_T6_B,2,NA,2022-06-06T19:33:00Z,2022-06-06T19:55:00Z,NA,2022-06-06T13:30:00Z
Production experiment,2,NA,NA,NA,METABS,NA,2,1,PE_NH4_T6,PE_NH4_T6_C,2,NA,2022-06-06T19:33:00Z,2022-06-06T19:50:00Z,Labeled T36_C; samples switched with PE_NH4_T36_C for particulate sample (?),2022-06-06T13:30:00Z
Production experiment,2,NA,NA,NA,METABS,NA,2,1,PE_NH4_T12,PE_NH4_T12_A,2,NA,2022-06-07T02:05:00Z,2022-06-07T02:30:00Z,NA,2022-06-06T13:30:00Z
Production experiment,2,NA,NA,NA,METABS,NA,2,1,PE_NH4_T12,PE_NH4_T12_B,2,NA,2022-06-07T02:10:00Z,2022-06-07T02:33:00Z,NA,2022-06-06T13:30:00Z
Production experiment,2,NA,NA,NA,METABS,NA,2,1,PE_NH4_T12,PE_NH4_T12_C,2,NA,2022-06-07T02:15:00Z,2022-06-07T02:33:00Z,NA,2022-06-06T13:30:00Z
Production experiment,2,NA,NA,NA,METABS,NA,2,1,PE_NH4_T24,PE_NH4_T24_A,2,NA,2022-06-07T13:40:00Z,2022-06-07T14:04:00Z,NA,2022-06-06T13:30:00Z
Production experiment,2,NA,NA,NA,METABS,NA,2,1,PE_NH4_T24,PE_NH4_T24_B,2,NA,2022-06-07T13:45:00Z,2022-06-07T14:08:00Z,NA,2022-06-06T13:30:00Z
Production experiment,2,NA,NA,NA,METABS,NA,2,1,PE_NH4_T24,PE_NH4_T24_C,2,NA,2022-06-07T13:50:00Z,2022-06-07T14:14:00Z,NA,2022-06-06T13:30:00Z
Production experiment,2,NA,NA,NA,METABS,NA,2,1,PE_NH4_T36,PE_NH4_T36_A,2,NA,NA,NA,NA,2022-06-06T13:30:00Z
Production experiment,2,NA,NA,NA,METABS,NA,2,1,PE_NH4_T36,PE_NH4_T36_B,2,NA,NA,NA,NA,2022-06-06T13:30:00Z
Production experiment,2,NA,NA,NA,METABS,NA,2,1,PE_NH4_T36,PE_NH4_T36_C,2,NA,NA,NA,Labeled NH4_T6_C; samples switched with PE_NH4_T36_C for particulate sample (?),2022-06-06T13:30:00Z
Production experiment,2,NA,NA,NA,METABS,NA,2,1,PE_Urea_T6,PE_Urea_T6_A,2,NA,2022-06-06T19:33:00Z,2022-06-06T19:49:00Z,NA,2022-06-06T13:30:00Z
Production experiment,2,NA,NA,NA,METABS,NA,2,1,PE_Urea_T6,PE_Urea_T6_B,2,NA,2022-06-06T19:33:00Z,2022-06-06T19:55:00Z,NA,2022-06-06T13:30:00Z
Production experiment,2,NA,NA,NA,METABS,NA,2,1,PE_Urea_T6,PE_Urea_T6_C,2,NA,2022-06-06T19:33:00Z,2022-06-06T19:55:00Z,NA,2022-06-06T13:30:00Z
Production experiment,2,NA,NA,NA,METABS,NA,2,1,PE_Urea_T12,PE_Urea_T12_A,2,NA,2022-06-07T02:05:00Z,2022-06-07T02:23:00Z,NA,2022-06-06T13:30:00Z
Production experiment,2,NA,NA,NA,METABS,NA,2,1,PE_Urea_T12,PE_Urea_T12_B,2,NA,2022-06-07T02:10:00Z,2022-06-07T02:26:00Z,NA,2022-06-06T13:30:00Z
Production experiment,2,NA,NA,NA,METABS,NA,2,1,PE_Urea_T12,PE_Urea_T12_C,2,NA,2022-06-07T02:15:00Z,2022-06-07T02:30:00Z,NA,2022-06-06T13:30:00Z
Production experiment,2,NA,NA,NA,METABS,NA,2,1,PE_Urea_T24,PE_Urea_T24_A,2,NA,2022-06-07T13:40:00Z,2022-06-07T14:00:00Z,NA,2022-06-06T13:30:00Z
Production experiment,2,NA,NA,NA,METABS,NA,2,1,PE_Urea_T24,PE_Urea_T24_B,2,NA,2022-06-07T13:44:00Z,2022-06-07T14:00:00Z,NA,2022-06-06T13:30:00Z
Production experiment,2,NA,NA,NA,METABS,NA,2,1,PE_Urea_T24,PE_Urea_T24_C,2,NA,2022-06-07T13:48:00Z,2022-06-07T14:00:00Z,NA,2022-06-06T13:30:00Z
Production experiment,2,NA,NA,NA,METABS,NA,2,1,PE_Urea_T36,PE_Urea_T36_A,2,NA,2022-06-08T04:15:00Z,2022-06-08T04:39:00Z,NA,2022-06-06T13:30:00Z
Production experiment,2,NA,NA,NA,METABS,NA,2,1,PE_Urea_T36,PE_Urea_T36_B,2,NA,2022-06-08T04:15:00Z,2022-06-08T04:45:00Z,NA,2022-06-06T13:30:00Z
Production experiment,2,NA,NA,NA,METABS,NA,2,1,PE_Urea_T36,PE_Urea_T36_C,2,NA,2022-06-08T04:15:00Z,2022-06-08T04:45:00Z,NA,2022-06-06T13:30:00Z
Production experiment,2,NA,NA,NA,METABS,NA,2,1,PE_Cont_T6,PE_Cont_T6_A,2,NA,2022-06-06T20:18:00Z,2022-06-06T20:38:00Z,NA,2022-06-06T13:30:00Z
Production experiment,2,NA,NA,NA,METABS,NA,2,1,PE_Cont_T6,PE_Cont_T6_B,2,NA,2022-06-06T20:18:00Z,2022-06-06T20:34:00Z,Dissolved for B and C switched,2022-06-06T13:30:00Z
Production experiment,2,NA,NA,NA,METABS,NA,2,1,PE_Cont_T6,PE_Cont_T6_C,2,NA,2022-06-06T20:18:00Z,2022-06-06T20:40:00Z,Dissolved for B and C switched,2022-06-06T13:30:00Z
Production experiment,2,NA,NA,NA,METABS,NA,2,1,PE_Cont_T12,PE_Cont_T12_A,2,NA,2022-06-07T02:45:00Z,2022-06-07T03:07:00Z,NA,2022-06-06T13:30:00Z
Production experiment,2,NA,NA,NA,METABS,NA,2,1,PE_Cont_T12,PE_Cont_T12_B,2,NA,2022-06-07T02:49:00Z,2022-06-07T03:07:00Z,NA,2022-06-06T13:30:00Z
Production experiment,2,NA,NA,NA,METABS,NA,2,1,PE_Cont_T12,PE_Cont_T12_C,2,NA,2022-06-07T02:52:00Z,2022-06-07T03:07:00Z,NA,2022-06-06T13:30:00Z
Production experiment,2,NA,NA,NA,METABS,NA,2,1,PE_Cont_T24,PE_Cont_T24_A,2,NA,2022-06-08T03:15:00Z,NA,NA,2022-06-06T13:30:00Z
Production experiment,2,NA,NA,NA,METABS,NA,2,1,PE_Cont_T24,PE_Cont_T24_B,2,NA,2022-06-08T03:15:00Z,NA,NA,2022-06-06T13:30:00Z
Production experiment,2,NA,NA,NA,METABS,NA,2,1,PE_Cont_T24,PE_Cont_T24_C,2,NA,2022-06-08T03:15:00Z,NA,"""A switch between a Cont_T24_C and likely a Cont_T12_C has happened, the cont_T12_C sampled at T24 has *** on the label""",2022-06-06T13:30:00Z
Production experiment,2,NA,NA,NA,METABS,NA,2,1,PE_Cont_T36,PE_Cont_T36_A,2,NA,NA,NA,NA,2022-06-06T13:30:00Z
Production experiment,2,NA,NA,NA,METABS,NA,2,1,PE_Cont_T36,PE_Cont_T36_B,2,NA,NA,NA,NA,2022-06-06T13:30:00Z
Production experiment,2,NA,NA,NA,METABS,NA,2,1,PE_Cont_T36,PE_Cont_T36_C,2,NA,NA,NA,NA,2022-06-06T13:30:00Z
depth_profiles,1,1,1,10,DOC,NA,NA,NA,S1_C1_5m,S1_C1_5m_A,NA,NA,NA,NA,NA,NA
depth_profiles,1,1,1,11,DOC,NA,NA,NA,S1_C1_5m,S1_C1_5m_B,NA,NA,NA,NA,NA,NA
depth_profiles,1,1,1,12,DOC,NA,NA,NA,S1_C1_5m,S1_C1_5m_C,NA,NA,NA,NA,NA,NA
depth_profiles,1,4,1,4,DOC,NA,NA,NA,S1_C1_DCM,S1_C1_DCM_A,NA,NA,NA,NA,NA,NA
depth_profiles,1,4,1,5,DOC,NA,NA,NA,S1_C1_DCM,S1_C1_DCM_B,NA,NA,NA,NA,NA,NA
depth_profiles,1,4,1,6,DOC,NA,NA,NA,S1_C1_DCM,S1_C1_DCM_C,NA,NA,NA,NA,NA,NA
depth_profiles,2,3,2,1,DOC,NA,NA,NA,S2_C1_SRF,S2_C1_SRF_A,NA,2022-06-03T14:27:00Z,NA,NA,NA,NA
depth_profiles,2,3,2,2,DOC,NA,NA,NA,S2_C1_SRF,S2_C1_SRF_B,NA,2022-06-03T14:27:00Z,NA,NA,NA,NA
depth_profiles,2,3,2,3,DOC,NA,NA,NA,S2_C1_SRF,S2_C1_SRF_C,NA,2022-06-03T14:27:00Z,NA,NA,NA,NA
depth_profiles,2,135,2,4,DOC,NA,NA,NA,S2_C2_D1,S2_C2_D1_A,NA,2022-06-04T13:31:00Z,NA,NA,NA,NA
depth_profiles,2,135,2,5,DOC,NA,NA,NA,S2_C2_D1,S2_C2_D1_B,NA,2022-06-04T13:31:00Z,NA,NA,NA,NA
depth_profiles,2,135,2,6,DOC,NA,NA,NA,S2_C2_D1,S2_C2_D1_C,NA,2022-06-04T13:31:00Z,NA,NA,NA,NA
depth_profiles,2,65,2,10,DOC,NA,NA,NA,S2_C2_D2,S2_C2_D2_A,NA,2022-06-04T13:31:00Z,NA,NA,NA,NA
depth_profiles,2,65,2,11,DOC,NA,NA,NA,S2_C2_D2,S2_C2_D2_B,NA,2022-06-04T13:31:00Z,NA,NA,NA,NA
depth_profiles,2,65,2,12,DOC,NA,NA,NA,S2_C2_D2,S2_C2_D2_C,NA,2022-06-04T13:31:00Z,NA,NA,NA,NA
depth_profiles,3,45,2,4,DOC,NA,NA,NA,S2_C3_D3,S2_C3_D3_A,NA,2022-06-04T15:35:00Z,NA,NA,NA,NA
depth_profiles,3,45,2,5,DOC,NA,NA,NA,S2_C3_D3,S2_C3_D3_B,NA,2022-06-04T15:35:00Z,NA,NA,NA,NA
depth_profiles,3,45,2,6,DOC,NA,NA,NA,S2_C3_D3,S2_C3_D3_C,NA,2022-06-04T15:35:00Z,NA,NA,NA,NA
depth_profiles,3,30,2,10,DOC,NA,NA,NA,S2_C3_D4,S2_C3_D4_A,NA,2022-06-04T15:35:00Z,NA,NA,NA,NA
depth_profiles,3,30,2,11,DOC,NA,NA,NA,S2_C3_D4,S2_C3_D4_B,NA,2022-06-04T15:35:00Z,NA,NA,NA,NA
depth_profiles,3,30,2,12,DOC,NA,NA,NA,S2_C3_D4,S2_C3_D4_C,NA,2022-06-04T15:35:00Z,NA,NA,NA,NA
depth_profiles,4,15,2,4,DOC,NA,NA,NA,S2_C4_D5,S2_C4_D5_A,NA,2022-06-04T18:20:00Z,NA,NA,NA,NA
depth_profiles,4,15,2,5,DOC,NA,NA,NA,S2_C4_D5,S2_C4_D5_B,NA,2022-06-04T18:20:00Z,NA,NA,NA,NA
depth_profiles,4,15,2,6,DOC,NA,NA,NA,S2_C4_D5,S2_C4_D5_C,NA,2022-06-04T18:20:00Z,NA,NA,NA,NA
depth_profiles,4,4,2,10,DOC,NA,NA,NA,S2_C4_D6,S2_C4_D6_A,NA,2022-06-04T18:20:00Z,NA,NA,NA,NA
depth_profiles,4,4,2,11,DOC,NA,NA,NA,S2_C4_D6,S2_C4_D6_B,NA,2022-06-04T18:20:00Z,NA,NA,NA,NA
depth_profiles,4,4,2,12,DOC,NA,NA,NA,S2_C4_D6,S2_C4_D6_C,NA,2022-06-04T18:20:00Z,NA,NA,NA,NA
depth_profiles,5,4,2,6,DOC,NA,NA,NA,S2_C6_D1,S2_C6_D1_A,NA,2022-06-05T13:33:00Z,NA,NA,NA,NA
depth_profiles,5,4,2,7,DOC,NA,NA,NA,S2_C6_D1,S2_C6_D1_B,NA,2022-06-05T13:33:00Z,NA,NA,NA,NA
depth_profiles,5,4,2,8,DOC,NA,NA,NA,S2_C6_D1,S2_C6_D1_C,NA,2022-06-05T13:33:00Z,NA,NA,NA,NA
depth_profiles,3,230,1,4,DOC,NA,NA,NA,S3_C1_D1,S3_C1_D1_A,NA,2022-06-05T16:30:00Z,NA,NA,NA,NA
depth_profiles,3,230,1,5,DOC,NA,NA,NA,S3_C1_D1,S3_C1_D1_B,NA,2022-06-05T16:30:00Z,NA,NA,NA,NA
depth_profiles,3,230,1,6,DOC,NA,NA,NA,S3_C1_D1,S3_C1_D1_C,NA,2022-06-05T16:30:00Z,NA,NA,NA,NA
depth_profiles,3,100,1,10,DOC,NA,NA,NA,S3_C1_D2,S3_C1_D2_A,NA,2022-06-05T16:30:00Z,NA,NA,NA,NA
depth_profiles,3,100,1,11,DOC,NA,NA,NA,S3_C1_D2,S3_C1_D2_B,NA,2022-06-05T16:30:00Z,NA,NA,NA,NA
depth_profiles,3,100,1,12,DOC,NA,NA,NA,S3_C1_D2,S3_C1_D2_C,NA,2022-06-05T16:30:00Z,NA,NA,NA,NA
depth_profiles,3,10,2,4,DOC,NA,NA,NA,S3_C2_D3,S3_C2_D3_A,NA,2022-06-05T18:33:00Z,NA,NA,NA,NA
depth_profiles,3,10,2,5,DOC,NA,NA,NA,S3_C2_D3,S3_C2_D3_B,NA,2022-06-05T18:33:00Z,NA,NA,NA,NA
depth_profiles,3,10,2,6,DOC,NA,NA,NA,S3_C2_D3,S3_C2_D3_C,NA,2022-06-05T18:33:00Z,NA,NA,NA,NA
depth_profiles,3,4,2,10,DOC,NA,NA,NA,S3_C2_D4,S3_C2_D4_A,NA,2022-06-05T18:33:00Z,NA,NA,NA,NA
depth_profiles,3,4,2,11,DOC,NA,NA,NA,S3_C2_D4,S3_C2_D4_B,NA,2022-06-05T18:33:00Z,NA,NA,NA,NA
depth_profiles,3,4,2,12,DOC,NA,NA,NA,S3_C2_D4,S3_C2_D4_C,NA,2022-06-05T18:33:00Z,NA,NA,NA,NA
depth_profiles,5,120,1,4,DOC,NA,NA,NA,S5_C1_D1,S5_C1_D1_A,NA,2022-06-06T23:13:00Z,NA,NA,NA,NA
depth_profiles,5,120,1,5,DOC,NA,NA,NA,S5_C1_D1,S5_C1_D1_B,NA,2022-06-06T23:13:00Z,NA,NA,NA,NA
depth_profiles,5,120,1,6,DOC,NA,NA,NA,S5_C1_D1,S5_C1_D1_C,NA,2022-06-06T23:13:00Z,NA,NA,NA,NA
depth_profiles,5,30,1,10,DOC,NA,NA,NA,S5_C1_D2,S5_C1_D2_A,NA,2022-06-06T23:13:00Z,NA,NA,NA,NA
depth_profiles,5,30,1,11,DOC,NA,NA,NA,S5_C1_D2,S5_C1_D2_B,NA,2022-06-06T23:13:00Z,NA,NA,NA,NA
depth_profiles,5,30,1,12,DOC,NA,NA,NA,S5_C1_D2,S5_C1_D2_C,NA,2022-06-06T23:13:00Z,NA,NA,NA,NA
depth_profiles,5,12,2,4,DOC,NA,NA,NA,S5_C2_D3,S5_C2_D3_A,NA,2022-06-07T01:00:00Z,NA,NA,NA,NA
depth_profiles,5,12,2,5,DOC,NA,NA,NA,S5_C2_D3,S5_C2_D3_B,NA,2022-06-07T01:00:00Z,NA,NA,NA,NA
depth_profiles,5,12,2,6,DOC,NA,NA,NA,S5_C2_D3,S5_C2_D3_C,NA,2022-06-07T01:00:00Z,NA,NA,NA,NA
depth_profiles,5,4,2,10,DOC,NA,NA,NA,S5_C2_D4,S5_C2_D4_A,NA,2022-06-07T01:00:00Z,NA,NA,NA,NA
depth_profiles,5,4,2,11,DOC,NA,NA,NA,S5_C2_D4,S5_C2_D4_B,NA,2022-06-07T01:00:00Z,NA,NA,NA,NA
depth_profiles,5,4,2,12,DOC,NA,NA,NA,S5_C2_D4,S5_C2_D4_C,NA,2022-06-07T01:00:00Z,NA,NA,NA,NA
depth_profiles,5,2,NA,NA,DOC,NA,NA,NA,S5_Uway,S5_Uway_A,NA,NA,NA,NA,NA,NA
depth_profiles,5,2,NA,NA,DOC,NA,NA,NA,S5_Uway,S5_Uway_B,NA,NA,NA,NA,NA,NA
depth_profiles,5,2,NA,NA,DOC,NA,NA,NA,S5_Uway,S5_Uway_C,NA,NA,NA,NA,NA,NA
depth_profiles,5,30,3,2,DOC,NA,NA,NA,S5_C3_D1,S5_C3_D1_A,NA,2022-06-07T15:42:00Z,NA,NA,NA,NA
depth_profiles,5,30,3,2,DOC,NA,NA,NA,S5_C3_D1,S5_C3_D1_B,NA,2022-06-07T15:42:00Z,NA,NA,NA,NA
depth_profiles,5,30,3,2,DOC,NA,NA,NA,S5_C3_D1,S5_C3_D1_C,NA,2022-06-07T15:42:00Z,NA,NA,NA,NA
depth_profiles,5,9,3,6,DOC,NA,NA,NA,S5_C3_D2,S5_C3_D2_A,NA,2022-06-07T15:42:00Z,NA,NA,NA,NA
depth_profiles,5,9,3,6,DOC,NA,NA,NA,S5_C3_D2,S5_C3_D2_B,NA,2022-06-07T15:42:00Z,NA,NA,NA,NA
depth_profiles,5,9,3,6,DOC,NA,NA,NA,S5_C3_D2,S5_C3_D2_C,NA,2022-06-07T15:42:00Z,NA,NA,NA,NA
depth_profiles,5,4,3,10,DOC,NA,NA,NA,S5_C3_D3,S5_C3_D3_A,NA,2022-06-07T15:42:00Z,NA,NA,NA,NA
depth_profiles,5,4,3,10,DOC,NA,NA,NA,S5_C3_D3,S5_C3_D3_B,NA,2022-06-07T15:42:00Z,NA,NA,NA,NA
depth_profiles,5,4,3,10,DOC,NA,NA,NA,S5_C3_D3,S5_C3_D3_C,NA,2022-06-07T15:42:00Z,NA,NA,NA,NA
depth_profiles,6,8,1,4,DOC,NA,NA,NA,S6_C1_D1,S6_C1_D1_A,NA,2022-06-08T00:00:00Z,NA,NA,NA,NA
depth_profiles,6,8,1,5,DOC,NA,NA,NA,S6_C1_D1,S6_C1_D1_B,NA,2022-06-08T00:00:00Z,NA,NA,NA,NA
depth_profiles,6,8,1,6,DOC,NA,NA,NA,S6_C1_D1,S6_C1_D1_C,NA,2022-06-08T00:00:00Z,NA,NA,NA,NA
depth_profiles,6,4,1,10,DOC,NA,NA,NA,S6_C1_D2,S6_C1_D2_A,NA,2022-06-08T00:00:00Z,NA,NA,NA,NA
depth_profiles,6,4,1,11,DOC,NA,NA,NA,S6_C1_D2,S6_C1_D2_B,NA,2022-06-08T00:00:00Z,NA,NA,NA,NA
depth_profiles,6,4,1,12,DOC,NA,NA,NA,S6_C1_D2,S6_C1_D2_C,NA,2022-06-08T00:00:00Z,NA,NA,NA,NA
depth_profiles,6,50,2,4,DOC,NA,NA,NA,S6_C2_D3,S6_C2_D3_A,NA,2022-06-08T01:00:00Z,NA,NA,NA,NA
depth_profiles,6,50,2,5,DOC,NA,NA,NA,S6_C2_D3,S6_C2_D3_B,NA,2022-06-08T02:00:00Z,NA,NA,NA,NA
depth_profiles,6,50,2,6,DOC,NA,NA,NA,S6_C2_D3,S6_C2_D3_C,NA,2022-06-08T03:00:00Z,NA,NA,NA,NA
depth_profiles,6,25,2,10,DOC,NA,NA,NA,S6_C2_D4,S6_C2_D4_A,NA,2022-06-08T04:00:00Z,NA,NA,NA,NA
depth_profiles,6,25,2,11,DOC,NA,NA,NA,S6_C2_D4,S6_C2_D4_B,NA,2022-06-08T05:00:00Z,NA,NA,NA,NA
depth_profiles,6,25,2,12,DOC,NA,NA,NA,S6_C2_D4,S6_C2_D4_C,NA,2022-06-08T06:00:00Z,NA,NA,NA,NA
depth_profiles,7,156,1,4,DOC,NA,NA,NA,S7_C1_D1,S7_C1_D1_A,NA,2022-06-08T15:30:00Z,NA,NA,NA,NA
depth_profiles,7,156,1,5,DOC,NA,NA,NA,S7_C1_D1,S7_C1_D1_B,NA,2022-06-08T15:30:00Z,NA,NA,NA,NA
depth_profiles,7,156,1,6,DOC,NA,NA,NA,S7_C1_D1,S7_C1_D1_C,NA,2022-06-08T15:30:00Z,NA,NA,NA,NA
depth_profiles,7,90,1,10,DOC,NA,NA,NA,S7_C1_D2,S7_C1_D2_A,NA,2022-06-08T15:30:00Z,NA,NA,NA,NA
depth_profiles,7,90,1,11,DOC,NA,NA,NA,S7_C1_D2,S7_C1_D2_B,NA,2022-06-08T15:30:00Z,NA,NA,NA,NA
depth_profiles,7,90,1,12,DOC,NA,NA,NA,S7_C1_D2,S7_C1_D2_C,NA,2022-06-08T15:30:00Z,NA,NA,NA,NA
depth_profiles,7,30,2,4,DOC,NA,NA,NA,S7_C2_D3,S7_C2_D3_A,NA,2022-06-08T17:30:00Z,NA,NA,NA,NA
depth_profiles,7,30,2,5,DOC,NA,NA,NA,S7_C2_D3,S7_C2_D3_B,NA,2022-06-08T17:30:00Z,NA,NA,NA,NA
depth_profiles,7,30,2,6,DOC,NA,NA,NA,S7_C2_D3,S7_C2_D3_C,NA,2022-06-08T17:30:00Z,NA,NA,NA,NA
depth_profiles,7,15,2,10,DOC,NA,NA,NA,S7_C2_D4,S7_C2_D4_A,NA,2022-06-08T17:30:00Z,NA,NA,NA,NA
depth_profiles,7,15,2,11,DOC,NA,NA,NA,S7_C2_D4,S7_C2_D4_B,NA,2022-06-08T17:30:00Z,NA,NA,NA,NA
depth_profiles,7,15,2,12,DOC,NA,NA,NA,S7_C2_D4,S7_C2_D4_C,NA,2022-06-08T17:30:00Z,NA,NA,NA,NA
depth_profiles,7,6,3,4,DOC,NA,NA,NA,S7_C3_D5,S7_C3_D5_A,NA,2022-06-08T18:30:00Z,NA,NA,NA,NA
depth_profiles,7,6,3,5,DOC,NA,NA,NA,S7_C3_D5,S7_C3_D5_B,NA,2022-06-08T18:30:00Z,NA,NA,NA,NA
depth_profiles,7,6,3,6,DOC,NA,NA,NA,S7_C3_D5,S7_C3_D5_C,NA,2022-06-08T18:30:00Z,NA,NA,NA,NA
depth_profiles,7,3,3,10,DOC,NA,NA,NA,S7_C3_D6,S7_C3_D6_A,NA,2022-06-08T18:30:00Z,NA,NA,NA,NA
depth_profiles,7,3,3,11,DOC,NA,NA,NA,S7_C3_D6,S7_C3_D6_B,NA,2022-06-08T18:30:00Z,NA,NA,NA,NA
depth_profiles,7,3,3,12,DOC,NA,NA,NA,S7_C3_D6,S7_C3_D6_C,NA,2022-06-08T18:30:00Z,NA,NA,NA,NA
depth_profiles,NA,2,NA,NA,DOC,NA,NA,NA,UNT2,UNT2-A,NA,NA,NA,NA,NA,NA
depth_profiles,NA,2,NA,NA,DOC,NA,NA,NA,UNT2,UNT2-B,NA,NA,NA,NA,NA,NA
depth_profiles,NA,2,NA,NA,DOC,NA,NA,NA,UNT2,UNT2-C,NA,NA,NA,NA,NA,NA
depth profiles,1,1,1,NA,Nut,NA,NA,NA,S1-C1-5M,S1-C1-5M-A,NA,NA,NA,NA,NA,NA
depth profiles,1,1,1,NA,Nut,NA,NA,NA,S1-C1-5M,S1-C1-5M-B,NA,NA,NA,NA,NA,NA
depth profiles,1,1,1,NA,Nut,NA,NA,NA,S1-C1-5M,S1-C1-5M-C,NA,NA,NA,NA,NA,NA
depth profiles,1,4,1,NA,Nut,NA,NA,NA,S1-C1-DCM,S1-C1-DCM-A,NA,NA,NA,NA,NA,NA
depth profiles,1,4,1,NA,Nut,NA,NA,NA,S1-C1-DCM,S1-C1-DCM-B,NA,NA,NA,NA,NA,NA
depth profiles,1,4,1,NA,Nut,NA,NA,NA,S1-C1-DCM,S1-C1-DCM-C,NA,NA,NA,NA,NA,NA
depth profiles,2,3,1,7,Nut,NA,NA,NA,S2-C1-SRF,S2-C1-SRF-A,NA,2022-06-04T02:27:00Z,NA,NA,NA,NA
depth profiles,2,3,1,8,Nut,NA,NA,NA,S2-C1-SRF,S2-C1-SRF-B,NA,2022-06-04T02:27:00Z,NA,NA,NA,NA
depth profiles,2,3,1,9,Nut,NA,NA,NA,S2-C1-SRF,S2-C1-SRF-C,NA,2022-06-04T02:27:00Z,NA,NA,NA,NA
depth profiles,2,135,2,4,Nut,NA,NA,NA,S2-C2-D1,S2-C2-D1-A,NA,2022-06-04T13:31:00Z,NA,NA,NA,NA
depth profiles,2,135,2,5,Nut,NA,NA,NA,S2-C2-D1,S2-C2-D1-B,NA,2022-06-04T13:31:00Z,NA,NA,NA,NA
depth profiles,2,135,2,6,Nut,NA,NA,NA,S2-C2-D1,S2-C2-D1-C,NA,2022-06-04T13:31:00Z,NA,NA,NA,NA
depth profiles,2,65,2,10,Nut,NA,NA,NA,S2-C2-D2,S2-C2-D2-A,NA,2022-06-04T13:31:00Z,NA,NA,NA,NA
depth profiles,2,65,2,11,Nut,NA,NA,NA,S2-C2-D2,S2-C2-D2-B,NA,2022-06-04T13:31:00Z,NA,NA,NA,NA
depth profiles,2,65,2,12,Nut,NA,NA,NA,S2-C2-D2,S2-C2-D2-C,NA,2022-06-04T13:31:00Z,NA,NA,NA,NA
depth profiles,2,45,3,4,Nut,NA,NA,NA,S2-C3-D3,S2-C3-D3-A,NA,2022-06-04T15:35:00Z,NA,NA,NA,NA
depth profiles,2,45,3,5,Nut,NA,NA,NA,S2-C3-D3,S2-C3-D3-B,NA,2022-06-04T15:35:00Z,NA,NA,NA,NA
depth profiles,2,45,3,6,Nut,NA,NA,NA,S2-C3-D3,S2-C3-D3-C,NA,2022-06-04T15:35:00Z,NA,NA,NA,NA
depth profiles,2,30,3,10,Nut,NA,NA,NA,S2-C3-D4,S2-C3-D4-A,NA,2022-06-04T15:35:00Z,NA,NA,NA,NA
depth profiles,2,30,3,11,Nut,NA,NA,NA,S2-C3-D4,S2-C3-D4-B,NA,2022-06-04T15:35:00Z,NA,NA,NA,NA
depth profiles,2,30,3,12,Nut,NA,NA,NA,S2-C3-D4,S2-C3-D4-C,NA,2022-06-04T15:35:00Z,NA,NA,NA,NA
depth profiles,2,15,4,4,Nut,NA,NA,NA,S2-C4-D5,S2-C4-D5-A,NA,2022-06-04T18:20:00Z,NA,NA,NA,NA
depth profiles,2,15,4,5,Nut,NA,NA,NA,S2-C4-D5,S2-C4-D5-B,NA,2022-06-04T18:20:00Z,NA,NA,NA,NA
depth profiles,2,15,4,6,Nut,NA,NA,NA,S2-C4-D5,S2-C4-D5-C,NA,2022-06-04T18:20:00Z,NA,NA,NA,NA
depth profiles,2,4,4,10,Nut,NA,NA,NA,S2-C4-D6,S2-C4-D6-A,NA,2022-06-04T18:20:00Z,NA,NA,NA,NA
depth profiles,2,4,4,11,Nut,NA,NA,NA,S2-C4-D6,S2-C4-D6-B,NA,2022-06-04T18:20:00Z,NA,NA,NA,NA
depth profiles,2,4,4,12,Nut,NA,NA,NA,S2-C4-D6,S2-C4-D6-C,NA,2022-06-04T18:20:00Z,NA,NA,NA,NA
depth profiles,2,4,6,6,Nut,NA,NA,NA,S2-C6-D1,S2-C6-D1-A,NA,2022-06-05T13:33:00Z,NA,NA,NA,NA
depth profiles,2,4,6,7,Nut,NA,NA,NA,S2-C6-D1,S2-C6-D1-B,NA,2022-06-05T13:33:00Z,NA,NA,NA,NA
depth profiles,2,4,6,8,Nut,NA,NA,NA,S2_C6_D1,S2_C6_D1_C,NA,2022-06-05T13:33:00Z,NA,NA,NA,NA
depth profiles,3,230,1,4,Nut,NA,NA,NA,S3_C1_D1,S3_C1_D1_A,NA,NA,NA,NA,NA,NA
depth profiles,3,230,1,5,Nut,NA,NA,NA,S3_C1_D1,S3_C1_D1_B,NA,NA,NA,NA,NA,NA
depth profiles,3,230,1,6,Nut,NA,NA,NA,S3_C1_D1,S3_C1_D1_C,NA,NA,NA,NA,NA,NA
depth profiles,3,100,1,10,Nut,NA,NA,NA,S3_C1_D2,S3_C1_D2_A,NA,NA,NA,NA,NA,NA
depth profiles,3,100,1,11,Nut,NA,NA,NA,S3_C1_D2,S3_C1_D2_B,NA,NA,NA,NA,NA,NA
depth profiles,3,100,1,12,Nut,NA,NA,NA,S3_C1_D2,S3_C1_D2_C,NA,NA,NA,NA,NA,NA
depth profiles,3,10,2,4,Nut,NA,NA,NA,S3_C2_D3,S3_C2_D3_A,NA,2022-06-05T18:33:00Z,NA,NA,NA,NA
depth profiles,3,10,2,5,Nut,NA,NA,NA,S3_C2_D3,S3_C2_D3_B,NA,2022-06-05T18:33:00Z,NA,NA,NA,NA
depth profiles,3,10,2,6,Nut,NA,NA,NA,S3_C2_D3,S3_C2_D3_C,NA,2022-06-05T18:33:00Z,NA,NA,NA,NA
depth profiles,3,4,2,10,Nut,NA,NA,NA,S3_C2_D4,S3_C2_D4_A,NA,2022-06-05T18:45:00Z,NA,NA,NA,NA
depth profiles,3,4,2,11,Nut,NA,NA,NA,S3_C2_D4,S3_C2_D4_B,NA,2022-06-05T18:45:00Z,NA,NA,NA,NA
depth profiles,3,4,2,12,Nut,NA,NA,NA,S3_C2_D4,S3_C2_D4_C,NA,2022-06-05T18:45:00Z,NA,NA,NA,NA
depth profiles,2,10,8,12,Nut,NA,NA,NA,S2_C8_D1,S2_C8_D1_A,NA,NA,NA,NA,NA,NA
depth profiles,2,10,8,12,Nut,NA,NA,NA,S2_C8_D1,S2_C8_D1_B,NA,NA,NA,NA,NA,NA
depth profiles,2,10,8,12,Nut,NA,NA,NA,S2_C8_D1,S2_C8_D1_C,NA,NA,NA,NA,NA,NA
depth profiles,5,120,1,4,Nut,NA,NA,NA,S5_C1_D1,S5_C1_D1_A,NA,2022-06-06T23:00:00Z,NA,NA,NA,NA
depth profiles,5,120,1,5,Nut,NA,NA,NA,S5_C1_D1,S5_C1_D1_B,NA,2022-06-06T23:00:00Z,NA,NA,NA,NA
depth profiles,5,120,1,6,Nut,NA,NA,NA,S5_C1_D1,S5_C1_D1_C,NA,2022-06-06T23:00:00Z,NA,NA,NA,NA
depth profiles,5,30,1,10,Nut,NA,NA,NA,S5_C1_D2,S5_C1_D2_A,NA,2022-06-06T23:00:00Z,NA,NA,NA,NA
depth profiles,5,30,1,11,Nut,NA,NA,NA,S5_C1_D2,S5_C1_D2_B,NA,2022-06-06T23:00:00Z,NA,NA,NA,NA
depth profiles,5,30,1,12,Nut,NA,NA,NA,S5_C1_D2,S5_C1_D2_C,NA,2022-06-06T23:00:00Z,NA,NA,NA,NA
depth profiles,5,12,2,4,Nut,NA,NA,NA,S5_C2_D3,S5_C2_D3_A,NA,2022-06-07T01:00:00Z,NA,NA,NA,NA
depth profiles,5,12,2,5,Nut,NA,NA,NA,S5_C2_D3,S5_C2_D3_B,NA,2022-06-07T01:00:00Z,NA,NA,NA,NA
depth profiles,5,12,2,6,Nut,NA,NA,NA,S5_C2_D3,S5_C2_D3_C,NA,2022-06-07T01:00:00Z,NA,NA,NA,NA
depth profiles,5,4,2,10,Nut,NA,NA,NA,S5_C2_D4,S5_C2_D4_A,NA,2022-06-07T01:00:00Z,NA,NA,NA,NA
depth profiles,5,4,2,11,Nut,NA,NA,NA,S5_C2_D4,S5_C2_D4_B,NA,2022-06-07T01:00:00Z,NA,NA,NA,NA
depth profiles,5,4,2,12,Nut,NA,NA,NA,S5_C2_D4,S5_C2_D4_C,NA,2022-06-07T01:00:00Z,NA,NA,NA,NA
depth profiles,5,NA,NA,NA,Nut,NA,NA,NA,S5_Uway,S5_Uway_A,NA,2022-06-07T15:00:00Z,NA,NA,NA,NA
depth profiles,5,NA,NA,NA,Nut,NA,NA,NA,S5_Uway,S5_Uway_B,NA,2022-06-07T15:00:00Z,NA,NA,NA,NA
depth profiles,5,NA,NA,NA,Nut,NA,NA,NA,S5_Uway,S5_Uway_C,NA,2022-06-07T15:00:00Z,NA,NA,NA,NA
depth profiles,5,30,3,2,Nut,NA,NA,NA,S5_C3_D1,S5_C3_D1_A,NA,2022-06-07T15:50:00Z,NA,NA,NA,NA
depth profiles,5,30,3,2,Nut,NA,NA,NA,S5_C3_D1,S5_C3_D1_B,NA,2022-06-07T15:50:00Z,NA,NA,NA,NA
depth profiles,5,30,3,2,Nut,NA,NA,NA,S5_C3_D1,S5_C3_D1_C,NA,2022-06-07T15:50:00Z,NA,NA,NA,NA
depth profiles,5,9,3,5,Nut,NA,NA,NA,S5_C3_D2,S5_C3_D2_A,NA,2022-06-07T15:58:00Z,NA,NA,NA,NA
depth profiles,5,9,3,5,Nut,NA,NA,NA,S5_C3_D2,S5_C3_D2_B,NA,2022-06-07T15:58:00Z,NA,NA,NA,NA
depth profiles,5,9,3,5,Nut,NA,NA,NA,S5_C3_D2,S5_C3_D2_C,NA,2022-06-07T15:58:00Z,NA,NA,NA,NA
depth profiles,5,4,3,9,Nut,NA,NA,NA,S5_C3_D3,S5_C3_D3_A,NA,2022-06-07T16:16:00Z,NA,NA,NA,NA
depth profiles,5,4,3,9,Nut,NA,NA,NA,S5_C3_D3,S5_C3_D3_B,NA,2022-06-07T16:16:00Z,NA,NA,NA,NA
depth profiles,5,4,3,9,Nut,NA,NA,NA,S5_C3_D3,S5_C3_D3_C,NA,2022-06-07T16:16:00Z,NA,NA,NA,NA
depth profiles,6,8,1,4,Nut,NA,NA,NA,S6_C1_D1,S6_C1_D1_A,NA,2022-06-08T00:00:00Z,NA,NA,NA,NA
depth profiles,6,8,1,5,Nut,NA,NA,NA,S6_C1_D1,S6_C1_D1_B,NA,2022-06-08T00:00:00Z,NA,NA,NA,NA
depth profiles,6,8,1,6,Nut,NA,NA,NA,S6_C1_D1,S6_C1_D1_C,NA,2022-06-08T00:00:00Z,NA,NA,NA,NA
depth profiles,6,4,1,10,Nut,NA,NA,NA,S6_C1_D2,S6_C1_D2_A,NA,2022-06-08T00:00:00Z,NA,NA,NA,NA
depth profiles,6,4,1,11,Nut,NA,NA,NA,S6_C1_D2,S6_C1_D2_B,NA,2022-06-08T00:00:00Z,NA,NA,NA,NA
depth profiles,6,4,1,12,Nut,NA,NA,NA,S6_C1_D2,S6_C1_D2_C,NA,2022-06-08T00:00:00Z,NA,NA,NA,NA
depth profiles,6,50,2,4,Nut,NA,NA,NA,S6_C2_D3,S6_C2_D3_A,NA,2022-06-08T01:00:00Z,NA,NA,NA,NA
depth profiles,6,50,2,5,Nut,NA,NA,NA,S6_C2_D3,S6_C2_D3_B,NA,2022-06-08T01:00:00Z,NA,NA,NA,NA
depth profiles,6,50,2,6,Nut,NA,NA,NA,S6_C2_D3,S6_C2_D3_C,NA,2022-06-08T01:00:00Z,NA,NA,NA,NA
depth profiles,6,25,2,10,Nut,NA,NA,NA,S6_C2_D4,S6_C2_D4_A,NA,2022-06-08T01:00:00Z,NA,NA,NA,NA
depth profiles,6,25,2,11,Nut,NA,NA,NA,S6_C2_D4,S6_C2_D4_B,NA,2022-06-08T01:00:00Z,NA,NA,NA,NA
depth profiles,6,25,2,12,Nut,NA,NA,NA,S6_C2_D4,S6_C2_D4_C,NA,2022-06-08T01:00:00Z,NA,NA,NA,NA
depth profiles,7,156,1,4,Nut,NA,NA,NA,S7_C1_D1,S7_C1_D1_A,NA,2022-06-08T15:30:00Z,NA,NA,NA,NA
depth profiles,7,156,1,5,Nut,NA,NA,NA,S7_C1_D1,S7_C1_D1_B,NA,2022-06-08T15:30:00Z,NA,NA,NA,NA
depth profiles,7,156,1,6,Nut,NA,NA,NA,S7_C1_D1,S7_C1_D1_C,NA,2022-06-08T15:30:00Z,NA,NA,NA,NA
depth profiles,7,90,1,10,Nut,NA,NA,NA,S7_C1_D2,S7_C1_D2_A,NA,2022-06-08T15:30:00Z,NA,NA,NA,NA
depth profiles,7,90,1,11,Nut,NA,NA,NA,S7_C1_D2,S7_C1_D2_B,NA,2022-06-08T15:30:00Z,NA,NA,NA,NA
depth profiles,7,90,1,12,Nut,NA,NA,NA,S7_C1_D2,S7_C1_D2_C,NA,2022-06-08T15:30:00Z,NA,NA,NA,NA
depth profiles,7,30,2,4,Nut,NA,NA,NA,S7_C2_D3,S7_C2_D3_A,NA,2022-06-08T17:30:00Z,NA,NA,NA,NA
depth profiles,7,30,2,5,Nut,NA,NA,NA,S7_C2_D3,S7_C2_D3_B,NA,2022-06-08T17:30:00Z,NA,NA,NA,NA
depth profiles,7,30,2,6,Nut,NA,NA,NA,S7_C2_D3,S7_C2_D3_C,NA,2022-06-08T17:30:00Z,NA,NA,NA,NA
depth profiles,7,15,2,10,Nut,NA,NA,NA,S7_C2_D4,S7_C2_D4_A,NA,2022-06-08T17:30:00Z,NA,NA,NA,NA
depth profiles,7,15,2,11,Nut,NA,NA,NA,S7_C2_D4,S7_C2_D4_B,NA,2022-06-08T17:30:00Z,NA,NA,NA,NA
depth profiles,7,15,2,12,Nut,NA,NA,NA,S7_C2_D4,S7_C2_D4_C,NA,2022-06-08T17:30:00Z,NA,NA,NA,NA
depth profiles,7,6,3,4,Nut,NA,NA,NA,S7_C3_D5,S7_C3_D5_A,NA,2022-06-08T18:30:00Z,NA,NA,NA,NA
depth profiles,7,6,3,5,Nut,NA,NA,NA,S7_C3_D5,S7_C3_D5_B,NA,2022-06-08T18:30:00Z,NA,NA,NA,NA
depth profiles,7,6,3,6,Nut,NA,NA,NA,S7_C3_D5,S7_C3_D5_C,NA,2022-06-08T18:30:00Z,NA,NA,NA,NA
depth profiles,7,3,3,10,Nut,NA,NA,NA,S7_C3_D6,S7_C3_D6_A,NA,2022-06-08T18:30:00Z,NA,NA,NA,NA
depth profiles,7,3,3,11,Nut,NA,NA,NA,S7_C3_D6,S7_C3_D6_B,NA,2022-06-08T18:30:00Z,NA,NA,NA,NA
depth profiles,7,3,3,12,Nut,NA,NA,NA,S7_C3_D6,S7_C3_D6_C,NA,2022-06-08T18:30:00Z,NA,NA,NA,NA
depth profiles,NA,2,NA,NA,Nut,NA,NA,NA,UNT2,UNT2-A,NA,NA,NA,NA,NA,NA
depth profiles,NA,2,NA,NA,Nut,NA,NA,NA,UNT2,UNT2-B,NA,NA,NA,NA,NA,NA
depth profiles,NA,2,NA,NA,Nut,NA,NA,NA,UNT2,UNT2-C,NA,NA,NA,NA,NA,NA
depth_profiles,1,1,1,NA,POCPN,NA,NA,NA,S1_C1_5m,S1_C1_5m_A,0.2,NA,NA,NA,"""Same 2L sample, POC may be over-estimated""",NA
depth_profiles,1,1,1,NA,POCPN,NA,NA,NA,S1_C1_5m,S1_C1_5m_B,0.2,NA,NA,NA,"""Same 2L sample, POC may be over-estimated""",NA
depth_profiles,1,1,1,NA,POCPN,NA,NA,NA,S1_C1_5m,S1_C1_5m_C,0.2,NA,NA,NA,"""Same 2L sample, POC may be over-estimated""",NA
depth_profiles,1,4,1,NA,POCPN,NA,NA,NA,S1_C1_DCM,S1_C1_DCM_A,0.2,NA,NA,NA,"""Same 2L sample, POC may be over-estimated""",NA
depth_profiles,1,4,1,NA,POCPN,NA,NA,NA,S1_C1_DCM,S1_C1_DCM_B,0.2,NA,NA,NA,"""Same 2L sample, POC may be over-estimated""",NA
depth_profiles,1,4,1,NA,POCPN,NA,NA,NA,S1_C1_DCM,S1_C1_DCM_C,0.2,NA,NA,NA,"""Same 2L sample, POC may be over-estimated""",NA
depth_profiles,2,3,1,1,POCPN,NA,NA,NA,S2_C1_SRF,S2_C1_SRF_A,1,2022-06-04T02:27:00Z,NA,NA,NA,NA
depth_profiles,2,3,1,2,POCPN,NA,NA,NA,S2_C1_SRF,S2_C1_SRF_B,1,2022-06-04T02:27:00Z,NA,NA,NA,NA
depth_profiles,2,3,1,3,POCPN,NA,NA,NA,S2_C1_SRF,S2_C1_SRF_C,1,2022-06-04T02:27:00Z,NA,NA,NA,NA
depth_profiles,2,135,2,1,POCPN,NA,NA,NA,S2_C2_D1,S2_C2_D1_A,1.5,2022-06-04T13:31:00Z,NA,NA,NA,NA
depth_profiles,2,135,2,2,POCPN,NA,NA,NA,S2_C2_D1,S2_C2_D1_B,1.5,2022-06-04T13:31:00Z,NA,NA,NA,NA
depth_profiles,2,135,2,3,POCPN,NA,NA,NA,S2_C2_D1,S2_C2_D1_C,1.5,2022-06-04T13:31:00Z,NA,NA,NA,NA
depth_profiles,2,65,2,7,POCPN,NA,NA,NA,S2_C2_D2,S2_C2_D2_A,1.5,2022-06-04T13:31:00Z,NA,NA,NA,NA
depth_profiles,2,65,2,8,POCPN,NA,NA,NA,S2_C2_D2,S2_C2_D2_B,1.5,2022-06-04T13:31:00Z,NA,NA,NA,NA
depth_profiles,2,65,2,9,POCPN,NA,NA,NA,S2_C2_D2,S2_C2_D2_C,1.5,2022-06-04T13:31:00Z,NA,NA,NA,NA
depth_profiles,2,45,3,1,POCPN,NA,NA,NA,S2_C3_D3,S2_C3_D3_A,1.5,2022-06-04T15:35:00Z,NA,NA,NA,NA
depth_profiles,2,45,3,2,POCPN,NA,NA,NA,S2_C3_D3,S2_C3_D3_B,1.5,2022-06-04T15:35:00Z,NA,NA,NA,NA
depth_profiles,2,45,3,3,POCPN,NA,NA,NA,S2_C3_D3,S2_C3_D3_C,1.5,2022-06-04T15:35:00Z,NA,NA,NA,NA
depth_profiles,2,30,3,7,POCPN,NA,NA,NA,S2_C3_D4,S2_C3_D4_A,1.5,2022-06-04T15:35:00Z,NA,NA,NA,NA
depth_profiles,2,30,3,8,POCPN,NA,NA,NA,S2_C3_D4,S2_C3_D4_B,1.5,2022-06-04T15:35:00Z,NA,NA,NA,NA
depth_profiles,2,30,3,9,POCPN,NA,NA,NA,S2_C3_D4,S2_C3_D4_C,1.5,2022-06-04T15:35:00Z,NA,NA,NA,NA
depth_profiles,2,15,4,1,POCPN,NA,NA,NA,S2_C4_D5,S2_C4_D5_A,1.5,2022-06-04T18:20:00Z,NA,NA,NA,NA
depth_profiles,2,15,4,2,POCPN,NA,NA,NA,S2_C4_D5,S2_C4_D5_B,1.5,2022-06-04T18:20:00Z,NA,NA,NA,NA
depth_profiles,2,15,4,3,POCPN,NA,NA,NA,S2_C4_D5,S2_C4_D5_C,1.5,2022-06-04T18:20:00Z,NA,NA,NA,NA
depth_profiles,2,4,4,7,POCPN,NA,NA,NA,S2_C4_D6,S2_C4_D6_A,1.5,2022-06-04T18:20:00Z,NA,NA,NA,NA
depth_profiles,2,4,4,8,POCPN,NA,NA,NA,S2_C4_D6,S2_C4_D6_B,1.5,2022-06-04T18:20:00Z,NA,NA,NA,NA
depth_profiles,2,4,4,9,POCPN,NA,NA,NA,S2_C4_D6,S2_C4_D6_C,1.5,2022-06-04T18:20:00Z,NA,NA,NA,NA
depth_profiles,2,4,6,3,POCPN,NA,NA,NA,S2_C6_D1,S2_C6_D1_A,1,2022-06-05T13:33:00Z,NA,NA,"""HPLC and POC from same 2L. POC may be overestimated""",NA
depth_profiles,2,4,6,4,POCPN,NA,NA,NA,S2_C6_D1,S2_C6_D1_B,1,2022-06-05T14:33:00Z,NA,NA,"""HPLC and POC from same 2L. POC may be overestimated""",NA
depth_profiles,2,4,6,5,POCPN,NA,NA,NA,S2_C6_D1,S2_C6_D1_C,1,2022-06-05T15:33:00Z,NA,NA,"""HPLC and POC from same 2L. POC may be overestimated""",NA
depth_profiles,3,230,1,4,POCPN,NA,NA,NA,S3_C1_D1,S3_C1_D1_A,1,2022-06-05T16:40:00Z,NA,NA,NA,NA
depth_profiles,3,230,1,5,POCPN,NA,NA,NA,S3_C1_D1,S3_C1_D1_B,1,2022-06-05T16:40:00Z,NA,NA,NA,NA
depth_profiles,3,230,1,6,POCPN,NA,NA,NA,S3_C1_D1,S3_C1_D1_C,1,2022-06-05T16:40:00Z,NA,NA,NA,NA
depth_profiles,3,100,1,10,POCPN,NA,NA,NA,S3_C1_D2,S3_C1_D2_A,1,2022-06-05T16:40:00Z,NA,NA,NA,NA
depth_profiles,3,100,1,11,POCPN,NA,NA,NA,S3_C1_D2,S3_C1_D2_B,1,2022-06-05T16:40:00Z,NA,NA,NA,NA
depth_profiles,3,100,1,12,POCPN,NA,NA,NA,S3_C1_D2,S3_C1_D2_C,1,2022-06-05T16:40:00Z,NA,NA,NA,NA
depth_profiles,3,10,2,1,POCPN,NA,NA,NA,S3_C2_D3,S3_C2_D3_A,1,2022-06-05T18:33:00Z,NA,NA,NA,NA
depth_profiles,3,10,2,2,POCPN,NA,NA,NA,S3_C2_D3,S3_C2_D3_B,1,2022-06-05T18:33:00Z,NA,NA,NA,NA
depth_profiles,3,10,2,3,POCPN,NA,NA,NA,S3_C2_D3,S3_C2_D3_C,1,2022-06-05T18:33:00Z,NA,NA,NA,NA
depth_profiles,3,4,2,7,POCPN,NA,NA,NA,S3_C2_D4,S3_C2_D4_A,1,2022-06-05T18:33:00Z,NA,NA,NA,NA
depth_profiles,3,4,2,8,POCPN,NA,NA,NA,S3_C2_D4,S3_C2_D4_B,1,2022-06-05T18:33:00Z,NA,NA,NA,NA
depth_profiles,3,4,2,9,POCPN,NA,NA,NA,S3_C2_D4,S3_C2_D4_C,1,2022-06-05T18:33:00Z,NA,NA,NA,NA
depth_profiles,2,10,9,1,POCPN,NA,NA,NA,S2_C9_D1,S2_C9_D1_A,1,2022-06-06T13:50:00Z,NA,NA,"""HPLC and POC from same 2L, POC may be over-estimated""",NA
depth_profiles,2,10,9,2,POCPN,NA,NA,NA,S2_C9_D1,S2_C9_D1_B,1,2022-06-06T13:50:00Z,NA,NA,"""HPLC and POC from same 2L, POC may be over-estimated""",NA
depth_profiles,2,10,9,3,POCPN,NA,NA,NA,S2_C9_D1,S2_C9_D1_C,1,2022-06-06T13:50:00Z,NA,NA,"""HPLC and POC from same 2L, POC may be over-estimated""",NA
depth_profiles,5,120,1,1,POCPN,NA,NA,NA,S5_C1_D1,S5_C1_D1_A,1,2022-06-06T23:00:00Z,NA,NA,NA,NA
depth_profiles,5,120,1,2,POCPN,NA,NA,NA,S5_C1_D1,S5_C1_D1_B,1,2022-06-06T23:00:00Z,NA,NA,NA,NA
depth_profiles,5,120,1,3,POCPN,NA,NA,NA,S5_C1_D1,S5_C1_D1_C,1,2022-06-06T23:00:00Z,NA,NA,NA,NA
depth_profiles,5,30,1,7,POCPN,NA,NA,NA,S5_C1_D2,S5_C1_D2_A,1,2022-06-06T23:00:00Z,NA,NA,NA,NA
depth_profiles,5,30,1,8,POCPN,NA,NA,NA,S5_C1_D2,S5_C1_D2_B,1,2022-06-06T23:00:00Z,NA,NA,NA,NA
depth_profiles,5,30,1,9,POCPN,NA,NA,NA,S5_C1_D2,S5_C1_D2_C,1,2022-06-06T23:00:00Z,NA,NA,NA,NA
depth_profiles,5,12,2,1,POCPN,NA,NA,NA,S5_C2_D3,S5_C2_D3_A,1,2022-06-07T01:00:00Z,NA,NA,NA,NA
depth_profiles,5,12,2,2,POCPN,NA,NA,NA,S5_C2_D3,S5_C2_D3_B,1,2022-06-07T01:00:00Z,NA,NA,NA,NA
depth_profiles,5,12,2,3,POCPN,NA,NA,NA,S5_C2_D3,S5_C2_D3_C,1,2022-06-07T01:00:00Z,NA,NA,NA,NA
depth_profiles,5,4,2,7,POCPN,NA,NA,NA,S5_C2_D4,S5_C2_D4_A,1,2022-06-07T01:00:00Z,NA,NA,NA,NA
depth_profiles,5,4,2,8,POCPN,NA,NA,NA,S5_C2_D4,S5_C2_D4_B,1,2022-06-07T01:00:00Z,NA,NA,NA,NA
depth_profiles,5,4,2,9,POCPN,NA,NA,NA,S5_C2_D4,S5_C2_D4_C,1,2022-06-07T01:00:00Z,NA,NA,NA,NA
depth_profiles,5,0,NA,NA,POCPN,NA,NA,NA,S5_Uway,S5_Uway_A,1,2022-06-07T15:00:00Z,NA,NA,NA,NA
depth_profiles,5,0,NA,NA,POCPN,NA,NA,NA,S5_Uway,S5_Uway_B,1,2022-06-07T15:00:00Z,NA,NA,NA,NA
depth_profiles,5,0,NA,NA,POCPN,NA,NA,NA,S5_Uway,S5_Uway_C,1,2022-06-07T15:00:00Z,NA,NA,NA,NA
depth_profiles,5,30,3,2,POCPN,NA,NA,NA,S5_C3_D1,S5_C3_D1_A,1,2022-06-07T15:42:00Z,NA,NA,"""HPLC and POC from same 2L, POC may be over-estimated""",NA
depth_profiles,5,30,3,2,POCPN,NA,NA,NA,S5_C3_D1,S5_C3_D1_B,1,2022-06-07T15:42:00Z,NA,NA,"""HPLC and POC from same 2L, POC may be over-estimated""",NA
depth_profiles,5,30,3,2,POCPN,NA,NA,NA,S5_C3_D1,S5_C3_D1_C,1,2022-06-07T15:42:00Z,NA,NA,"""HPLC and POC from same 2L, POC may be over-estimated""",NA
depth_profiles,5,9,3,6,POCPN,NA,NA,NA,S5_C3_D2,S5_C3_D2_A,1,2022-06-07T15:42:00Z,NA,NA,"""HPLC and POC from same 2L, POC may be over-estimated""",NA
depth_profiles,5,9,3,6,POCPN,NA,NA,NA,S5_C3_D2,S5_C3_D2_B,1,2022-06-07T15:42:00Z,NA,NA,"""HPLC and POC from same 2L, POC may be over-estimated""",NA
depth_profiles,5,9,3,6,POCPN,NA,NA,NA,S5_C3_D2,S5_C3_D2_C,1,2022-06-07T15:42:00Z,NA,NA,"""HPLC and POC from same 2L, POC may be over-estimated""",NA
depth_profiles,5,4,3,10,POCPN,NA,NA,NA,S5_C3_D3,S5_C3_D3_A,1,2022-06-07T15:42:00Z,NA,NA,"""HPLC and POC from same 2L, POC may be over-estimated""",NA
depth_profiles,5,4,3,10,POCPN,NA,NA,NA,S5_C3_D3,S5_C3_D3_B,1,2022-06-07T15:42:00Z,NA,NA,"""HPLC and POC from same 2L, POC may be over-estimated""",NA
depth_profiles,5,4,3,10,POCPN,NA,NA,NA,S5_C3_D3,S5_C3_D3_C,1,2022-06-07T15:42:00Z,NA,NA,"""HPLC and POC from same 2L, POC may be over-estimated""",NA
depth_profiles,6,8,1,1,POCPN,NA,NA,NA,S6_C1_D1,S6_C1_D1_A,0.6,2022-06-08T00:07:00Z,NA,NA,NA,NA
depth_profiles,6,8,1,2,POCPN,NA,NA,NA,S6_C1_D1,S6_C1_D1_B,0.6,2022-06-08T00:07:00Z,NA,NA,NA,NA
depth_profiles,6,8,1,3,POCPN,NA,NA,NA,S6_C1_D1,S6_C1_D1_C,0.6,2022-06-08T00:07:00Z,NA,NA,NA,NA
depth_profiles,6,4,1,7,POCPN,NA,NA,NA,S6_C1_D2,S6_C1_D2_A,0.6,2022-06-08T00:07:00Z,NA,NA,NA,NA
depth_profiles,6,4,1,8,POCPN,NA,NA,NA,S6_C1_D2,S6_C1_D2_B,0.6,2022-06-08T00:07:00Z,NA,NA,NA,NA
depth_profiles,6,4,1,9,POCPN,NA,NA,NA,S6_C1_D2,S6_C1_D2_C,0.6,2022-06-08T00:07:00Z,NA,NA,NA,NA
depth_profiles,6,50,2,1,POCPN,NA,NA,NA,S6_C2_D3,S6_C2_D3_A,0.25,2022-06-07T22:06:00Z,NA,NA,NA,NA
depth_profiles,6,50,2,2,POCPN,NA,NA,NA,S6_C2_D3,S6_C2_D3_B,0.25,2022-06-07T22:06:00Z,NA,NA,NA,NA
depth_profiles,6,50,2,3,POCPN,NA,NA,NA,S6_C2_D3,S6_C2_D3_C,0.25,2022-06-07T22:06:00Z,NA,NA,NA,NA
depth_profiles,6,28,2,7,POCPN,NA,NA,NA,S6_C2_D4,S6_C2_D4_A,0.25,2022-06-07T22:06:00Z,NA,NA,NA,NA
depth_profiles,6,28,2,8,POCPN,NA,NA,NA,S6_C2_D4,S6_C2_D4_B,0.25,2022-06-07T22:06:00Z,NA,NA,NA,NA
depth_profiles,6,28,2,9,POCPN,NA,NA,NA,S6_C2_D4,S6_C2_D4_C,0.25,2022-06-07T22:06:00Z,NA,NA,NA,NA
depth_profiles,7,156,1,1,POCPN,NA,NA,NA,S7_C1_D1,S7_C1_D1_A,1,2022-06-08T15:30:00Z,NA,NA,NA,NA
depth_profiles,7,156,1,2,POCPN,NA,NA,NA,S7_C1_D1,S7_C1_D1_B,1,2022-06-08T15:30:00Z,NA,NA,NA,NA
depth_profiles,7,156,1,3,POCPN,NA,NA,NA,S7_C1_D1,S7_C1_D1_C,1,2022-06-08T15:30:00Z,NA,NA,NA,NA
depth_profiles,7,90,1,7,POCPN,NA,NA,NA,S7_C1_D2,S7_C1_D2_A,0.8,2022-06-08T15:30:00Z,NA,NA,NA,NA
depth_profiles,7,90,1,8,POCPN,NA,NA,NA,S7_C1_D2,S7_C1_D2_B,0.8,2022-06-08T15:30:00Z,NA,NA,NA,NA
depth_profiles,7,90,1,9,POCPN,NA,NA,NA,S7_C1_D2,S7_C1_D2_C,0.8,2022-06-08T15:30:00Z,NA,NA,NA,NA
depth_profiles,7,30,1,1,POCPN,NA,NA,NA,S7_C2_D3,S7_C2_D3_A,0.6,2022-06-08T17:20:00Z,NA,NA,NA,NA
depth_profiles,7,30,2,2,POCPN,NA,NA,NA,S7_C2_D3,S7_C2_D3_B,0.6,2022-06-08T17:20:00Z,NA,NA,NA,NA
depth_profiles,7,30,2,3,POCPN,NA,NA,NA,S7_C2_D3,S7_C2_D3_C,0.6,2022-06-08T17:20:00Z,NA,NA,NA,NA
depth_profiles,7,15,2,7,POCPN,NA,NA,NA,S7_C2_D4,S7_C2_D4_A,0.6,2022-06-08T17:55:00Z,NA,NA,NA,NA
depth_profiles,7,15,2,8,POCPN,NA,NA,NA,S7_C2_D4,S7_C2_D4_B,0.6,2022-06-08T17:55:00Z,NA,NA,NA,NA
depth_profiles,7,15,2,9,POCPN,NA,NA,NA,S7_C2_D4,S7_C2_D4_C,0.6,2022-06-08T17:55:00Z,NA,NA,NA,NA
depth_profiles,7,6,3,1,POCPN,NA,NA,NA,S7_C3_D5,S7_C3_D5_A,0.6,2022-06-08T18:30:00Z,NA,NA,NA,NA
depth_profiles,7,6,3,2,POCPN,NA,NA,NA,S7_C3_D5,S7_C3_D5_B,0.6,2022-06-08T18:30:00Z,NA,NA,NA,NA
depth_profiles,7,6,3,3,POCPN,NA,NA,NA,S7_C3_D5,S7_C3_D5_C,0.6,2022-06-08T18:30:00Z,NA,NA,NA,NA
depth_profiles,7,3,3,7,POCPN,NA,NA,NA,S7_C3_D6,S7_C3_D6_A,0.6,2022-06-08T18:30:00Z,NA,NA,NA,NA
depth_profiles,7,3,3,8,POCPN,NA,NA,NA,S7_C3_D6,S7_C3_D6_B,0.6,2022-06-08T18:30:00Z,NA,NA,NA,NA
depth_profiles,7,3,3,9,POCPN,NA,NA,NA,S7_C3_D6,S7_C3_D6_C,0.6,2022-06-08T18:30:00Z,NA,NA,NA,NA
depth_profiles,NA,0,NA,NA,POCPN,NA,NA,NA,Blk,Blk1,0.25,2022-06-09T03:08:00Z,NA,NA,NA,NA
depth_profiles,NA,0,NA,NA,POCPN,NA,NA,NA,Blk,Blk2,0.25,2022-06-09T03:08:00Z,NA,NA,NA,NA
depth_profiles,NA,0,NA,NA,POCPN,NA,NA,NA,Blk,Blk3,0.25,2022-06-09T03:08:00Z,NA,NA,NA,NA
depth_profiles,NA,0,NA,NA,POCPN,NA,NA,NA,Blk,Blk4,0.25,2022-06-09T03:08:00Z,NA,NA,NA,NA
depth_profiles,NA,0,NA,NA,POCPN,NA,NA,NA,Blk,Blk5,0.25,2022-06-09T03:08:00Z,NA,NA,NA,NA
depth_profiles,NA,0,NA,NA,POCPN,NA,NA,NA,Blk,Blk6,0.25,2022-06-09T03:08:00Z,NA,NA,NA,NA
depth_profiles,NA,0,NA,NA,POCPN,NA,NA,NA,UNT2,UNT2-A,0.6,2022-06-09T13:40:00Z,NA,NA,NA,NA
depth_profiles,NA,0,NA,NA,POCPN,NA,NA,NA,UNT2,UNT2-B,0.6,2022-06-09T13:40:00Z,NA,NA,NA,NA
depth_profiles,NA,0,NA,NA,POCPN,NA,NA,NA,UNT2,UNT2-C,0.6,2022-06-09T13:40:00Z,NA,NA,NA,NA
depth profiles,1,1,1,9,Pigments,NA,NA,NA,S1_C1_5M,S1_C1_5M_A,0.5,NA,NA,NA,NA,NA
depth profiles,1,1,1,9,Pigments,NA,NA,NA,S1_C1_5M,S1_C1_5M_B,0.5,NA,NA,NA,Don’t have,NA
depth profiles,1,1,1,9,Pigments,NA,NA,NA,S1_C1_5M,S1_C1_5M_C,0.5,NA,NA,NA,Don’t have,NA
depth profiles,1,4,1,3,Pigments,NA,NA,NA,S1_C1_DCM,S1_C1_DCM_A,0.5,NA,NA,NA,NA,NA
depth profiles,1,4,1,3,Pigments,NA,NA,NA,S1_C1_DCM,S1_C1_DCM_B,0.5,NA,NA,NA,Don’t have,NA
depth profiles,1,4,1,3,Pigments,NA,NA,NA,S1_C1_DCM,S1_C1_DCM_C,0.5,NA,NA,NA,Don’t have,NA
depth profiles,2,3,1,7,Pigments,NA,NA,NA,S2_C1_SRF,S2_C1_SRF_A,1,2022-06-04T02:27:00Z,NA,NA,NA,NA
depth profiles,2,3,1,8,Pigments,NA,NA,NA,S2_C1_SRF,S2_C1_SRF_B,1,2022-06-04T02:27:00Z,NA,NA,NA,NA
depth profiles,2,3,1,9,Pigments,NA,NA,NA,S2_C1_SRF,S2_C1_SRF_C,1,2022-06-04T02:27:00Z,NA,NA,NA,NA
depth profiles,2,135,2,4,Pigments,NA,NA,NA,S2_C2_D1,S2_C2_D1_A,1,2022-06-04T13:31:00Z,NA,NA,NA,NA
depth profiles,2,135,2,5,Pigments,NA,NA,NA,S2_C2_D1,S2_C2_D1_B,1,2022-06-04T13:31:00Z,NA,NA,NA,NA
depth profiles,2,135,2,6,Pigments,NA,NA,NA,S2_C2_D1,S2_C2_D1_C,1,2022-06-04T13:31:00Z,NA,NA,NA,NA
depth profiles,2,65,2,10,Pigments,NA,NA,NA,S2_C2_D2,S2_C2_D2_A,1,2022-06-04T13:31:00Z,NA,NA,NA,NA
depth profiles,2,65,2,11,Pigments,NA,NA,NA,S2_C2_D2,S2_C2_D2_B,1,2022-06-04T13:31:00Z,NA,NA,Don’t have,NA
depth profiles,2,65,2,12,Pigments,NA,NA,NA,S2_C2_D2,S2_C2_D2_C,1,2022-06-04T13:31:00Z,NA,NA,NA,NA
depth profiles,2,45,3,4,Pigments,NA,NA,NA,S2_C3_D3,S2_C3_D3_A,2,2022-06-04T15:35:00Z,NA,NA,NA,NA
depth profiles,2,45,3,5,Pigments,NA,NA,NA,S2_C3_D3,S2_C3_D3_B,2,2022-06-04T15:35:00Z,NA,NA,NA,NA
depth profiles,2,45,3,6,Pigments,NA,NA,NA,S2_C3_D3,S2_C3_D3_C,2,2022-06-04T15:35:00Z,NA,NA,NA,NA
depth profiles,2,30,3,10,Pigments,NA,NA,NA,S2_C3_D4,S2_C3_D4_A,2,2022-06-04T15:35:00Z,NA,NA,NA,NA
depth profiles,2,30,3,11,Pigments,NA,NA,NA,S2_C3_D4,S2_C3_D4_B,2,2022-06-04T15:35:00Z,NA,NA,NA,NA
depth profiles,2,30,3,12,Pigments,NA,NA,NA,S2_C3_D4,S2_C3_D4_C,2,2022-06-04T15:35:00Z,NA,NA,NA,NA
depth profiles,2,15,4,4,Pigments,NA,NA,NA,S2_C4_D5,S2_C4_D5_A,2,2022-06-04T18:20:00Z,NA,NA,NA,NA
depth profiles,2,15,4,5,Pigments,NA,NA,NA,S2_C4_D5,S2_C4_D5_B,2,2022-06-04T18:20:00Z,NA,NA,NA,NA
depth profiles,2,15,4,6,Pigments,NA,NA,NA,S2_C4_D5,S2_C4_D5_C,2,2022-06-04T18:20:00Z,NA,NA,NA,NA
depth profiles,2,4,4,10,Pigments,NA,NA,NA,S2_C4_D6,S2_C4_D6_A,2,2022-06-04T18:20:00Z,NA,NA,NA,NA
depth profiles,2,4,4,11,Pigments,NA,NA,NA,S2_C4_D6,S2_C4_D6_B,2,2022-06-04T18:20:00Z,NA,NA,NA,NA
depth profiles,2,4,4,12,Pigments,NA,NA,NA,S2_C4_D6,S2_C4_D6_C,2,2022-06-04T18:20:00Z,NA,NA,NA,NA
depth profiles,2,4,6,3,Pigments,NA,NA,NA,S2_C6_D1,S2_C6_D1_A,2,2022-06-05T13:33:00Z,NA,NA,NA,NA
depth profiles,2,4,6,4,Pigments,NA,NA,NA,S2_C6_D1,S2_C6_D1_B,2,2022-06-05T14:33:00Z,NA,NA,NA,NA
depth profiles,2,4,6,5,Pigments,NA,NA,NA,S2_C6_D1,S2_C6_D1_C,2,2022-06-05T15:33:00Z,NA,NA,NA,NA
depth profiles,3,230,1,4,Pigments,NA,NA,NA,S3_C1_D1,S3_C1_D1_A,1,2022-06-05T17:00:00Z,NA,NA,NA,NA
depth profiles,3,230,1,5,Pigments,NA,NA,NA,S3_C1_D1,S3_C1_D1_B,1,2022-06-05T17:00:00Z,NA,NA,NA,NA
depth profiles,3,230,1,6,Pigments,NA,NA,NA,S3_C1_D1,S3_C1_D1_C,1,2022-06-05T17:00:00Z,NA,NA,NA,NA
depth profiles,3,100,1,10,Pigments,NA,NA,NA,S3_C1_D2,S3_C1_D2_A,1,2022-06-05T17:00:00Z,NA,NA,NA,NA
depth profiles,3,100,1,11,Pigments,NA,NA,NA,S3_C1_D2,S3_C1_D2_B,1,2022-06-05T17:00:00Z,NA,NA,NA,NA
depth profiles,3,100,1,12,Pigments,NA,NA,NA,S3_C1_D2,S3_C1_D2_C,1,2022-06-05T17:00:00Z,NA,NA,NA,NA
depth profiles,3,10,2,4,Pigments,NA,NA,NA,S3_C2_D3,S3_C2_D3_A,1,2022-06-05T18:30:00Z,NA,NA,NA,NA
depth profiles,3,10,2,5,Pigments,NA,NA,NA,S3_C2_D3,S3_C2_D3_B,1,2022-06-05T18:30:00Z,NA,NA,NA,NA
depth profiles,3,10,2,6,Pigments,NA,NA,NA,S3_C2_D3,S3_C2_D3_C,1,2022-06-05T18:30:00Z,NA,NA,NA,NA
depth profiles,3,4,2,10,Pigments,NA,NA,NA,S3_C2_D4,S3_C2_D4_A,1,2022-06-05T18:50:00Z,NA,NA,NA,NA
depth profiles,3,4,2,11,Pigments,NA,NA,NA,S3_C2_D4,S3_C2_D4_B,1,2022-06-05T18:50:00Z,NA,NA,NA,NA
depth profiles,3,4,2,12,Pigments,NA,NA,NA,S3_C2_D4,S3_C2_D4_C,1,2022-06-05T18:50:00Z,NA,NA,NA,NA
depth profiles,2,10,9,10,Pigments,NA,NA,NA,S2_C8_D1,S2_C8_D1_A,1,2022-06-06T13:50:00Z,NA,NA,NA,NA
depth profiles,2,10,9,10,Pigments,NA,NA,NA,S2_C8_D1,S2_C8_D1_B,1,2022-06-06T13:50:00Z,NA,NA,NA,NA
depth profiles,2,10,9,10,Pigments,NA,NA,NA,S2_C8_D1,S2_C8_D1_C,1,2022-06-06T13:50:00Z,NA,NA,NA,NA
depth profiles,5,120,1,4,Pigments,NA,NA,NA,S5_C1_D1,S5_C1_D1_A,1,2022-06-06T23:00:00Z,NA,NA,NA,NA
depth profiles,5,120,1,5,Pigments,NA,NA,NA,S5_C1_D1,S5_C1_D1_B,1,2022-06-06T23:00:00Z,NA,NA,NA,NA
depth profiles,5,120,1,6,Pigments,NA,NA,NA,S5_C1_D1,S5_C1_D1_C,1,2022-06-06T23:00:00Z,NA,NA,NA,NA
depth profiles,5,30,1,10,Pigments,NA,NA,NA,S5_C1_D2,S5_C1_D2_A,1,2022-06-06T23:00:00Z,NA,NA,NA,NA
depth profiles,5,30,1,11,Pigments,NA,NA,NA,S5_C1_D2,S5_C1_D2_B,1,2022-06-06T23:00:00Z,NA,NA,NA,NA
depth profiles,5,30,1,12,Pigments,NA,NA,NA,S5_C1_D2,S5_C1_D2_C,1,2022-06-06T23:00:00Z,NA,NA,NA,NA
depth profiles,5,12,2,4,Pigments,NA,NA,NA,S5_C2_D3,S5_C2_D3_A,1,2022-06-07T01:00:00Z,NA,NA,NA,NA
depth profiles,5,12,2,5,Pigments,NA,NA,NA,S5_C2_D3,S5_C2_D3_B,1,2022-06-07T01:00:00Z,NA,NA,NA,NA
depth profiles,5,12,2,6,Pigments,NA,NA,NA,S5_C2_D3,S5_C2_D3_C,1,2022-06-07T01:00:00Z,NA,NA,NA,NA
depth profiles,5,4,2,10,Pigments,NA,NA,NA,S5_C2_D4,S5_C2_D4_A,1,2022-06-07T01:00:00Z,NA,NA,NA,NA
depth profiles,5,4,2,11,Pigments,NA,NA,NA,S5_C2_D4,S5_C2_D4_B,1,2022-06-07T01:00:00Z,NA,NA,NA,NA
depth profiles,5,4,2,12,Pigments,NA,NA,NA,S5_C2_D4,S5_C2_D4_C,1,2022-06-07T01:00:00Z,NA,NA,NA,NA
depth profiles,5,0,NA,NA,Pigments,NA,NA,NA,S5_Uway,S5_Uway_A,1,NA,NA,NA,"Question mark was added to volume, may not be accurate",NA
depth profiles,5,0,NA,NA,Pigments,NA,NA,NA,S5_Uway,S5_Uway_B,1,NA,NA,NA,"Question mark was added to volume, may not be accurate",NA
depth profiles,5,0,NA,NA,Pigments,NA,NA,NA,S5_Uway,S5_Uway_C,1,NA,NA,NA,"Question mark was added to volume, may not be accurate",NA
depth profiles,5,30,3,2,Pigments,NA,NA,NA,S5_C3_D1,S5_C3_D1_A,1,2022-06-07T16:00:00Z,NA,NA,NA,NA
depth profiles,5,30,3,2,Pigments,NA,NA,NA,S5_C3_D1,S5_C3_D1_B,1,2022-06-07T16:00:00Z,NA,NA,NA,NA
depth profiles,5,30,3,2,Pigments,NA,NA,NA,S5_C3_D1,S5_C3_D1_C,1,2022-06-07T16:00:00Z,NA,NA,NA,NA
depth profiles,5,9,3,6,Pigments,NA,NA,NA,S5_C3_D2,S5_C3_D2_A,1,2022-06-07T16:40:00Z,NA,NA,NA,NA
depth profiles,5,9,3,6,Pigments,NA,NA,NA,S5_C3_D2,S5_C3_D2_B,1,2022-06-07T16:40:00Z,NA,NA,NA,NA
depth profiles,5,9,3,6,Pigments,NA,NA,NA,S5_C3_D2,S5_C3_D2_C,1,2022-06-07T16:40:00Z,NA,NA,NA,NA
depth profiles,5,4,3,10,Pigments,NA,NA,NA,S5_C3_D3,S5_C3_D3_A,1,2022-06-07T16:55:00Z,NA,NA,NA,NA
depth profiles,5,4,3,10,Pigments,NA,NA,NA,S5_C3_D3,S5_C3_D3_B,1,2022-06-07T16:55:00Z,NA,NA,NA,NA
depth profiles,5,4,3,10,Pigments,NA,NA,NA,S5_C3_D3,S5_C3_D3_C,1,2022-06-07T16:55:00Z,NA,NA,NA,NA
depth profiles,6,8,1,4,Pigments,NA,NA,NA,S6_C1_D1,S6_C1_D1_A,0.6,2022-06-08T00:07:00Z,NA,NA,NA,NA
depth profiles,6,8,1,5,Pigments,NA,NA,NA,S6_C1_D1,S6_C1_D1_B,0.6,2022-06-08T00:07:00Z,NA,NA,NA,NA
depth profiles,6,8,1,6,Pigments,NA,NA,NA,S6_C1_D1,S6_C1_D1_C,0.6,2022-06-08T00:07:00Z,NA,NA,NA,NA
depth profiles,6,4,1,10,Pigments,NA,NA,NA,S6_C1_D2,S6_C1_D2_A,0.6,2022-06-08T00:07:00Z,NA,NA,NA,NA
depth profiles,6,4,1,11,Pigments,NA,NA,NA,S6_C1_D2,S6_C1_D2_B,0.6,2022-06-08T00:07:00Z,NA,NA,NA,NA
depth profiles,6,4,1,12,Pigments,NA,NA,NA,S6_C1_D2,S6_C1_D2_C,0.6,2022-06-08T00:07:00Z,NA,NA,NA,NA
depth profiles,6,50,2,4,Pigments,NA,NA,NA,S6_C2_D3,S6_C2_D3_A,0.5,2022-06-08T01:46:00Z,NA,NA,NA,NA
depth profiles,6,50,2,5,Pigments,NA,NA,NA,S6_C2_D3,S6_C2_D3_B,0.5,2022-06-08T02:46:00Z,NA,NA,NA,NA
depth profiles,6,50,2,6,Pigments,NA,NA,NA,S6_C2_D3,S6_C2_D3_C,0.5,2022-06-08T03:46:00Z,NA,NA,NA,NA
depth profiles,6,28,2,10,Pigments,NA,NA,NA,S6_C2_D4,S6_C2_D4_A,0.5,2022-06-08T04:46:00Z,NA,NA,NA,NA
depth profiles,6,28,2,11,Pigments,NA,NA,NA,S6_C2_D4,S6_C2_D4_B,0.5,2022-06-08T05:46:00Z,NA,NA,NA,NA
depth profiles,6,28,2,12,Pigments,NA,NA,NA,S6_C2_D4,S6_C2_D4_C,0.5,2022-06-08T06:46:00Z,NA,NA,NA,NA
depth profiles,7,156,1,4,Pigments,NA,NA,NA,S7_C1_D1,S7_C1_D1_A,1,2022-06-08T15:30:00Z,NA,NA,NA,NA
depth profiles,7,156,1,5,Pigments,NA,NA,NA,S7_C1_D1,S7_C1_D1_B,1,2022-06-08T15:30:00Z,NA,NA,NA,NA
depth profiles,7,156,1,6,Pigments,NA,NA,NA,S7_C1_D1,S7_C1_D1_C,1,2022-06-08T15:30:00Z,NA,NA,NA,NA
depth profiles,7,90,1,10,Pigments,NA,NA,NA,S7_C1_D2,S7_C1_D2_A,1,2022-06-08T15:30:00Z,NA,NA,NA,NA
depth profiles,7,90,1,11,Pigments,NA,NA,NA,S7_C1_D2,S7_C1_D2_B,1,2022-06-08T15:30:00Z,NA,NA,NA,NA
depth profiles,7,90,1,12,Pigments,NA,NA,NA,S7_C1_D2,S7_C1_D2_C,1,2022-06-08T15:30:00Z,NA,NA,NA,NA
depth profiles,7,30,2,4,Pigments,NA,NA,NA,S7_C2_D3,S7_C2_D3_A,1,2022-06-08T15:30:00Z,NA,NA,NA,NA
depth profiles,7,30,2,5,Pigments,NA,NA,NA,S7_C2_D3,S7_C2_D3_B,1,2022-06-08T15:30:00Z,NA,NA,NA,NA
depth profiles,7,30,2,6,Pigments,NA,NA,NA,S7_C2_D3,S7_C2_D3_C,1,2022-06-08T15:30:00Z,NA,NA,NA,NA
depth profiles,7,15,2,10,Pigments,NA,NA,NA,S7_C2_D4,S7_C2_D4_A,1,2022-06-08T15:30:00Z,NA,NA,NA,NA
depth profiles,7,15,2,11,Pigments,NA,NA,NA,S7_C2_D4,S7_C2_D4_B,1,2022-06-08T15:30:00Z,NA,NA,NA,NA
depth profiles,7,15,2,12,Pigments,NA,NA,NA,S7_C2_D4,S7_C2_D4_C,1,2022-06-08T15:30:00Z,NA,NA,NA,NA
depth profiles,7,6,3,4,Pigments,NA,NA,NA,S7_C3_D5,S7_C3_D5_A,1,2022-06-08T18:00:00Z,NA,NA,NA,NA
depth profiles,7,6,3,5,Pigments,NA,NA,NA,S7_C3_D5,S7_C3_D5_B,1,2022-06-08T18:00:00Z,NA,NA,NA,NA
depth profiles,7,6,3,6,Pigments,NA,NA,NA,S7_C3_D5,S7_C3_D5_C,1,2022-06-08T18:00:00Z,NA,NA,NA,NA
depth profiles,7,3,3,10,Pigments,NA,NA,NA,S7_C3_D6,S7_C3_D6_A,1,2022-06-08T18:00:00Z,NA,NA,NA,NA
depth profiles,7,3,3,11,Pigments,NA,NA,NA,S7_C3_D6,S7_C3_D6_B,1,2022-06-08T18:00:00Z,NA,NA,NA,NA
depth profiles,7,3,3,12,Pigments,NA,NA,NA,S7_C3_D6,S7_C3_D6_C,1,2022-06-08T18:00:00Z,NA,NA,NA,NA
depth profiles,NA,0,NA,NA,Pigments,NA,NA,NA,UNT2,UNT2-A,1,NA,NA,NA,"Question mark was added to volume, may not be accurate",NA
depth profiles,NA,0,NA,NA,Pigments,NA,NA,NA,UNT2,UNT2-B,1,NA,NA,NA,"Question mark was added to volume, may not be accurate",NA
depth profiles,NA,0,NA,NA,Pigments,NA,NA,NA,UNT2,UNT2-C,1,NA,NA,NA,"Question mark was added to volume, may not be accurate",NA
NA,2,0,5,NA,FCM,NA,NA,NA,UKH1,UKH1_A,NA,NA,NA,NA,"""Same lat, long, time, etc as S2_C5""",NA
NA,2,0,5,NA,FCM,NA,NA,NA,UKH1,UKH1_B,NA,NA,NA,NA,"""Same lat, long, time, etc as S2_C5""",NA
NA,2,0,5,NA,FCM,NA,NA,NA,UKH1,UKH1_C,NA,NA,NA,NA,"""Same lat, long, time, etc as S2_C5""",NA
NA,2,4,6,1,FCM,NA,NA,NA,SynLys,SynLys_A,NA,2022-06-05T14:00:00Z,NA,NA,"""Pairs with Syn Lys + Home Response #2""",NA
NA,2,4,6,1,FCM,NA,NA,NA,SynLys,SynLys_B,NA,2022-06-05T14:00:00Z,NA,NA,"""Pairs with Syn Lys + Home Response #2""",NA
NA,2,4,6,1,FCM,NA,NA,NA,SynLys,SynLys_C,NA,2022-06-05T14:00:00Z,NA,NA,"""Pairs with Syn Lys + Home Response #2""",NA
NA,2,0,7,NA,FCM,NA,NA,NA,UKT1_OnM,UKT1_OnM_A,NA,2022-06-05T21:00:00Z,NA,NA,"""Same lat, long, time, etc as S2_C7""",NA
NA,2,0,7,NA,FCM,NA,NA,NA,UKT1_OnM,UKT1_OnM_B,NA,2022-06-05T21:00:00Z,NA,NA,"""Same lat, long, time, etc as S2_C7""",NA
NA,2,0,7,NA,FCM,NA,NA,NA,UKT1_OnM,UKT1_OnM_C,NA,2022-06-05T21:00:00Z,NA,NA,"""Same lat, long, time, etc as S2_C7""",NA
NA,2,10,8,NA,FCM,NA,NA,NA,S2_C8,S2_C8_A,NA,NA,NA,NA,"""Pairs with Production Experiment. Left out a bit long, may look weird as a result!""",NA
NA,2,10,8,NA,FCM,NA,NA,NA,S2_C8,S2_C8_B,NA,NA,NA,NA,"""Pairs with Production Experiment. Left out a bit long, may look weird as a result!""",NA
NA,2,10,8,NA,FCM,NA,NA,NA,S2_C8,S2_C8_C,NA,NA,NA,NA,"""Pairs with Production Experiment. Left out a bit long, may look weird as a result!""",NA
NA,5,0,NA,NA,FCM,NA,NA,NA,S5_Uway,S5_Uway_A,NA,NA,NA,NA,"""Pairs with UKH2 experiment""",NA
NA,5,0,NA,NA,FCM,NA,NA,NA,S5_Uway,S5_Uway_B,NA,NA,NA,NA,"""Pairs with UKH2 experiment""",NA
NA,5,0,NA,NA,FCM,NA,NA,NA,S5_Uway,S5_Uway_C,NA,NA,NA,NA,"""Pairs with UKH2 experiment""",NA
NA,NA,0,NA,NA,FCM,NA,NA,NA,PE_NO3,PE_NO3_A,NA,NA,NA,NA,"""PE T36 samples were collected for FCM and prefiltered through 53 μm mesh""",NA
NA,NA,0,NA,NA,FCM,NA,NA,NA,PE_NO3,PE_NO3_B,NA,NA,NA,NA,NA,NA
NA,NA,0,NA,NA,FCM,NA,NA,NA,PE_NO3,PE_NO3_C,NA,NA,NA,NA,NA,NA
NA,NA,0,NA,NA,FCM,NA,NA,NA,PE_NH4,PE_NH4_A,NA,NA,NA,NA,NA,NA
NA,NA,0,NA,NA,FCM,NA,NA,NA,PE_NH4,PE_NH4_B,NA,NA,NA,NA,NA,NA
NA,NA,0,NA,NA,FCM,NA,NA,NA,PE_NH4,PE_NH4_C,NA,NA,NA,NA,NA,NA
NA,NA,0,NA,NA,FCM,NA,NA,NA,PE_Urea,PE_Urea_A,NA,NA,NA,NA,NA,NA
NA,NA,0,NA,NA,FCM,NA,NA,NA,PE_Urea,PE_Urea_B,NA,NA,NA,NA,NA,NA
NA,NA,0,NA,NA,FCM,NA,NA,NA,PE_Urea,PE_Urea_C,NA,NA,NA,NA,NA,NA
NA,7,0,1,NA,FCM,NA,NA,NA,S7_C1_D1,S7_C1_D1_A,NA,NA,NA,NA,NA,NA
NA,7,0,1,NA,FCM,NA,NA,NA,S7_C1_D1,S7_C1_D1_B,NA,NA,NA,NA,NA,NA
NA,7,0,1,NA,FCM,NA,NA,NA,S7_C1_D1,S7_C1_D1_C,NA,NA,NA,NA,NA,NA
NA,7,0,1,NA,FCM,NA,NA,NA,S7_C1_D2,S7_C1_D2_A,NA,NA,NA,NA,NA,NA
NA,7,0,1,NA,FCM,NA,NA,NA,S7_C1_D2,S7_C1_D2_B,NA,NA,NA,NA,NA,NA
NA,7,0,1,NA,FCM,NA,NA,NA,S7_C1_D2,S7_C1_D2_C,NA,NA,NA,NA,NA,NA
NA,7,0,2,NA,FCM,NA,NA,NA,S7_C2_D3,S7_C2_D3_A,NA,NA,NA,NA,NA,NA
NA,7,0,2,NA,FCM,NA,NA,NA,S7_C2_D3,S7_C2_D3_B,NA,NA,NA,NA,NA,NA
NA,7,0,2,NA,FCM,NA,NA,NA,S7_C2_D3,S7_C2_D3_C,NA,NA,NA,NA,NA,NA
NA,7,0,2,NA,FCM,NA,NA,NA,S7_C2_D4,S7_C2_D4_A,NA,NA,NA,NA,NA,NA
NA,7,0,2,NA,FCM,NA,NA,NA,S7_C2_D4,S7_C2_D4_B,NA,NA,NA,NA,NA,NA
NA,7,0,2,NA,FCM,NA,NA,NA,S7_C2_D4,S7_C2_D4_C,NA,NA,NA,NA,NA,NA
NA,7,0,3,NA,FCM,NA,NA,NA,S7_C3_D5,S7_C3_D5_A,NA,NA,NA,NA,NA,NA
NA,7,0,3,NA,FCM,NA,NA,NA,S7_C3_D5,S7_C3_D5_B,NA,NA,NA,NA,NA,NA
NA,7,0,3,NA,FCM,NA,NA,NA,S7_C3_D5,S7_C3_D5_C,NA,NA,NA,NA,NA,NA
NA,7,0,3,NA,FCM,NA,NA,NA,S7_C3_D6,S7_C3_D6_A,NA,NA,NA,NA,NA,NA
NA,7,0,3,NA,FCM,NA,NA,NA,S7_C3_D6,S7_C3_D6_B,NA,NA,NA,NA,NA,NA
NA,7,0,3,NA,FCM,NA,NA,NA,S7_C3_D6,S7_C3_D6_C,NA,NA,NA,NA,NA,NA
NA,NA,0,NA,NA,FCM,NA,NA,NA,UNT2,UNT2_A,NA,NA,NA,NA,"""Left out a bit long""",NA
NA,NA,0,NA,NA,FCM,NA,NA,NA,UNT2,UNT2_B,NA,NA,NA,NA,"""Left out a bit long""",NA
NA,NA,0,NA,NA,FCM,NA,NA,NA,UNT2,UNT2_C,NA,NA,NA,NA,"""Left out a bit long""",NA
